,Data,Otwarcie,Najwyzszy,Najnizszy,Zamkniecie,Wolumen,Volume,Wallet,Sell,Buy
2811,2020-02-25,4.07411,4.17472,4.07411,4.17472,4177.6800001821,1000.0,4174.719999999999,,
2812,2020-02-26,4.12437,4.17472,4.07411,4.10759,3109.965405541,0.0,4107.59,4.10759,
2813,2020-02-27,4.15794,4.23338,4.09089,4.09089,4297.1675677549,0.0,4107.59,,
2814,2020-02-28,4.07411,4.12437,4.05732,4.12437,17475.878919681,0.0,4107.59,,
2815,2020-03-02,4.27526,5.15546,4.05732,5.07163,53127.022705019,809.915155482557,4107.59,,5.07163
2816,2020-03-03,5.02975,5.02975,4.52675,4.77826,34979.163244768,809.915155482557,3869.985190836083,,
2817,2020-03-04,4.82012,5.28126,4.82012,5.15546,59344.761083668,809.915155482557,4175.485187484103,,
2818,2020-03-05,5.19743,5.70043,5.07163,5.65847,75239.896219496,809.915155482557,4582.880609843384,,
2819,2020-03-06,5.65847,5.65847,5.32313,5.44892,29847.775136436,809.915155482557,4413.162889012015,,
2820,2020-03-09,5.365,5.365,4.44301,4.44301,28516.968649892,809.915155482557,3598.4611349605557,,
2821,2020-03-10,4.52675,4.94592,4.52675,4.52675,13132.670270843,809.915155482557,3666.283430080665,,
2822,2020-03-11,4.65246,6.28717,4.65246,6.28717,255593.77298411,809.915155482557,5092.074268095268,,
2823,2020-03-12,6.45484,8.38265,4.65246,5.15546,714056.60759869,809.915155482557,4175.485187484103,,
2824,2020-03-13,5.02975,5.9938,4.69451,4.86208,209253.42487399,809.915155482557,3937.8722791686305,,
2825,2020-03-16,5.28126,5.78426,4.90396,5.11359,279516.49947164,809.915155482557,4141.5740399240485,,
2826,2020-03-17,5.4908,5.4908,4.94592,4.94592,104528.60108564,809.915155482557,4005.7755658042884,,
2827,2020-03-18,4.90396,5.19743,4.56871,4.94592,102281.3578423,0.0,4005.7755658042884,4.94592,
2828,2020-03-19,4.94592,4.94592,4.69451,4.86208,27754.002163372,0.0,4005.7755658042884,,
2829,2020-03-20,4.86208,4.86208,4.52675,4.65246,89950.021625543,0.0,4005.7755658042884,,
2830,2020-03-23,4.73638,4.82012,4.35908,4.35908,55354.534056467,0.0,4005.7755658042884,,
2831,2020-03-24,4.52675,4.56871,4.35908,4.48488,20653.80973063,0.0,4005.7755658042884,,
2832,2020-03-25,4.35908,4.40096,4.19151,4.31722,54468.791353726,0.0,4005.7755658042884,,
2833,2020-03-26,4.19151,4.40096,4.19151,4.31722,7515.658378706,0.0,4005.7755658042884,,
2834,2020-03-27,4.31722,4.35908,4.19151,4.27526,11602.352432938,0.0,4005.7755658042884,,
2835,2020-03-30,4.31722,4.31722,4.17472,4.27526,70084.391354406,0.0,4005.7755658042884,,
2836,2020-03-31,4.27526,4.69451,4.23338,4.44301,50238.492975163,0.0,4005.7755658042884,,
2837,2020-04-01,4.52675,4.69451,4.35908,4.56871,26813.448649817,0.0,4005.7755658042884,,
2838,2020-04-02,4.61059,4.69451,4.35908,4.48488,46362.272434453,0.0,4005.7755658042884,,
2839,2020-04-03,4.35908,4.44301,4.27526,4.40096,42722.834596457,0.0,4005.7755658042884,,
2840,2020-04-06,4.44301,4.69451,4.35908,4.52675,86955.158922709,0.0,4005.7755658042884,,
2841,2020-04-07,4.65246,4.69451,4.61059,4.61059,57596.296218727,0.0,4005.7755658042884,,
2842,2020-04-08,4.73638,4.73638,4.48488,4.52675,13345.336216798,0.0,4005.7755658042884,,
2843,2020-04-09,4.65246,4.65246,4.48488,4.56871,9595.1805409588,0.0,4005.7755658042884,,
2844,2020-04-14,4.56871,4.56871,4.44301,4.44301,17736.778379152,0.0,4005.7755658042884,,
2845,2020-04-15,4.44301,4.44301,4.40096,4.44301,22471.336217196,0.0,4005.7755658042884,,
2846,2020-04-16,4.40096,4.52675,4.40096,4.48488,9383.6108112198,0.0,4005.7755658042884,,
2847,2020-04-17,4.40096,4.52675,4.40096,4.44301,9623.6821625817,0.0,4005.7755658042884,,
2848,2020-04-20,4.52675,4.52675,4.40096,4.40096,4794.8497299387,0.0,4005.7755658042884,,
2849,2020-04-21,4.48488,4.48488,4.27526,4.35908,19019.35135218,0.0,4005.7755658042884,,
2850,2020-04-22,4.31722,4.44301,4.31722,4.44301,13729.01189249,0.0,4005.7755658042884,,
2851,2020-04-23,4.48488,4.48488,4.35908,4.44301,3917.8767569275,0.0,4005.7755658042884,,
2852,2020-04-24,4.40096,4.52675,4.35908,4.48488,16046.412973672,893.1734106161788,4005.7755658042884,,4.48488
2853,2020-04-27,4.48488,4.48488,4.40096,4.44301,9157.7902706695,893.1734106161788,3968.3783951017886,,
2854,2020-04-28,4.44301,4.77826,4.44301,4.61059,49379.059461612,893.1734106161788,4118.056395252848,,
2855,2020-04-29,4.69451,4.69451,4.48488,4.61059,16612.060541265,893.1734106161788,4118.056395252848,,
2856,2020-04-30,4.65246,4.69451,4.48488,4.61059,8073.6324327844,893.1734106161788,4118.056395252848,,
2857,2020-05-04,4.61059,4.61059,4.40096,4.61059,5558.9124326747,893.1734106161788,4118.056395252848,,
2858,2020-05-05,4.61059,4.61059,4.44301,4.61059,6304.3394597343,893.1734106161788,4118.056395252848,,
2859,2020-05-06,4.52675,4.56871,4.35908,4.44301,13835.344865468,893.1734106161788,3968.3783951017886,,
2860,2020-05-07,4.44301,4.56871,4.44301,4.56871,4620.5513515528,893.1734106161788,4080.650292816242,,
2861,2020-05-08,4.44301,4.56871,4.44301,4.52675,760.77405408722,893.1734106161788,4043.1727365067873,,
2862,2020-05-11,4.48488,4.56871,4.48488,4.52675,4061.4810812581,893.1734106161788,4043.1727365067873,,
2863,2020-05-12,4.56871,4.56871,4.44301,4.52675,11829.269189705,893.1734106161788,4043.1727365067873,,
2864,2020-05-13,4.52675,4.52675,4.44301,4.52675,22591.920000985,893.1734106161788,4043.1727365067873,,
2865,2020-05-14,4.56871,4.56871,4.48488,4.48488,3471.7167569081,0.0,4005.7755658042884,4.48488,
2866,2020-05-15,4.56871,4.56871,4.48488,4.56871,2675.8637839004,876.7848179911372,4005.7755658042884,,4.56871
2867,2020-05-18,4.56871,4.65246,4.56871,4.61059,15235.212973637,876.7848179911372,4042.495313981757,,
2868,2020-05-19,4.52675,4.61059,4.52675,4.61059,5598.3762164602,876.7848179911372,4042.495313981757,,
2869,2020-05-20,4.61059,4.69451,4.61059,4.65246,10182.752432876,876.7848179911372,4079.206294311046,,
2870,2020-05-21,4.65246,4.69451,4.65246,4.65246,8156.9448652204,876.7848179911372,4079.206294311046,,
2871,2020-05-22,4.69451,4.86208,4.69451,4.86208,75720.03892222,876.7848179911372,4262.997927858348,,
2872,2020-05-25,4.90396,5.02975,4.86208,5.02975,82319.260544129,876.7848179911372,4410.008438290922,,
2873,2020-05-26,5.07163,5.07163,4.86208,4.90396,27513.93081201,876.7848179911372,4299.717676035817,,
2874,2020-05-27,4.94592,5.07163,4.77826,4.98788,49493.065948103,876.7848179911372,4373.297457961633,,
2875,2020-05-28,5.02975,5.07163,4.98788,4.98788,36416.30270429,876.7848179911372,4373.297457961633,,
2876,2020-05-29,4.94592,4.94592,4.56871,4.82012,49419.619461614,876.7848179911372,4226.20803689544,,
2877,2020-06-01,4.82012,4.82012,4.56871,4.65246,47447.526488555,876.7848179911372,4079.206294311046,,
2878,2020-06-02,4.69451,4.73638,4.56871,4.65246,15422.665946618,0.0,4079.206294311046,4.65246,
2879,2020-06-03,4.61059,4.73638,4.56871,4.56871,33991.472433914,0.0,4079.206294311046,,
2880,2020-06-04,4.65246,4.69451,4.61059,4.61059,10480.9232437,0.0,4079.206294311046,,
2881,2020-06-05,4.65246,4.65246,4.52675,4.56871,15434.724324997,0.0,4079.206294311046,,
2882,2020-06-08,4.61059,4.61059,4.52675,4.56871,14527.057297931,0.0,4079.206294311046,,
2883,2020-06-09,4.61059,4.61059,4.48488,4.61059,3778.657297462,0.0,4079.206294311046,,
2884,2020-06-10,4.56871,4.61059,4.56871,4.56871,5656.4756759222,0.0,4079.206294311046,,
2885,2020-06-12,4.48488,4.61059,4.48488,4.61059,5732.1145948445,0.0,4079.206294311046,,
2886,2020-06-15,4.56871,4.61059,4.52675,4.52675,9743.1697301544,0.0,4079.206294311046,,
2887,2020-06-16,4.61059,4.69451,4.52675,4.69451,12340.105946484,0.0,4079.206294311046,,
2888,2020-06-17,4.56871,4.69451,4.56871,4.56871,5835.1589191733,0.0,4079.206294311046,,
2889,2020-06-18,4.69451,4.69451,4.52675,4.52675,4031.883243419,0.0,4079.206294311046,,
2890,2020-06-19,4.69451,4.69451,4.52675,4.52675,2271.360000099,0.0,4079.206294311046,,
2891,2020-06-22,4.52675,4.61059,4.48488,4.48488,14349.470270896,0.0,4079.206294311046,,
2892,2020-06-23,4.52675,4.61059,4.48488,4.61059,5278.2810813112,0.0,4079.206294311046,,
2893,2020-06-24,4.61059,4.90396,4.61059,4.69451,25240.378379479,0.0,4079.206294311046,,
2894,2020-06-25,4.65246,4.69451,4.52675,4.69451,3994.611892066,868.9312184468764,4079.206294311046,,4.69451
2895,2020-06-26,4.69451,4.69451,4.56871,4.69451,3557.2216217767,868.9312184468764,4079.206294311046,,
2896,2020-06-29,4.56871,4.65246,4.52675,4.65246,3193.277837977,868.9312184468764,4042.6677365753544,,
2897,2020-06-30,4.56871,4.65246,4.56871,4.61059,1447.0054054685,868.9312184468764,4006.285586458984,,
2898,2020-07-01,4.61059,4.61059,4.23338,4.52675,27613.68648769,0.0,3933.4343931043977,4.52675,
2899,2020-07-02,4.52675,4.61059,4.48488,4.56871,4679.747027231,0.0,3933.4343931043977,,
2900,2020-07-03,4.52675,4.56871,4.52675,4.56871,1161.9891892398,0.0,3933.4343931043977,,
2901,2020-07-06,4.61059,4.61059,4.52675,4.61059,5811.0421624155,0.0,3933.4343931043977,,
2902,2020-07-07,4.52675,4.61059,4.52675,4.61059,2026.9037838721,0.0,3933.4343931043977,,
2903,2020-07-08,4.61059,4.61059,4.56871,4.61059,1850.4129730536,853.1303787811099,3933.4343931043977,,4.61059
2904,2020-07-09,4.61059,4.61059,4.52675,4.61059,5884.4886489052,853.1303787811099,3933.4343931043977,,
2905,2020-07-10,4.52675,4.56871,4.52675,4.56871,2030.1924325209,0.0,3897.705292841045,4.56871,
2906,2020-07-13,4.61059,4.61059,4.52675,4.56871,2994.8627028332,0.0,3897.705292841045,,
2907,2020-07-14,4.61059,4.61059,4.52675,4.61059,3491.4486488008,845.3810234354052,3897.705292841045,,4.61059
2908,2020-07-15,4.61059,4.61059,4.52675,4.61059,3358.8064866329,845.3810234354052,3897.705292841045,,
2909,2020-07-16,4.52675,4.61059,4.52675,4.56871,3268.9167568992,0.0,3862.3007355795703,4.56871,
2910,2020-07-17,4.56871,4.56871,4.48488,4.56871,4300.4562164037,0.0,3862.3007355795703,,
2911,2020-07-20,4.56871,4.56871,4.48488,4.56871,9858.2724328622,0.0,3862.3007355795703,,
2912,2020-07-21,4.56871,4.65246,4.56871,4.65246,9292.6248652699,830.1631256538628,3862.3007355795703,,4.65246
2913,2020-07-22,4.61059,4.65246,4.56871,4.65246,4162.3329731544,830.1631256538628,3862.3007355795703,,
2914,2020-07-23,4.61059,4.65246,4.52675,4.56871,12121.958919447,830.1631256538628,3792.77457380606,,
2915,2020-07-24,4.56871,4.69451,4.56871,4.69451,4940.6464867018,830.1631256538628,3897.2090950133156,,
2916,2020-07-27,4.65246,4.73638,4.61059,4.73638,7073.8832435516,830.1631256538628,3931.9680250844426,,
2917,2020-07-28,4.73638,4.77826,4.61059,4.73638,9782.6335139399,830.1631256538628,3931.9680250844426,,
2918,2020-07-29,4.61059,4.77826,4.56871,4.73638,5902.0281083654,830.1631256538628,3931.9680250844426,,
2919,2020-07-30,4.73638,4.73638,4.44301,4.44301,15771.26270339,0.0,3688.4230689113692,4.44301,
2920,2020-07-31,4.61059,4.65246,4.48488,4.65246,4301.5524326199,792.7898507265768,3688.4230689113692,,4.65246
2921,2020-08-03,4.65246,4.65246,4.52675,4.61059,4320.1881082964,0.0,3655.2289578614477,4.61059,
2922,2020-08-04,4.61059,4.65246,4.61059,4.65246,6807.5027029994,0.0,3655.2289578614477,,
2923,2020-08-05,4.69451,4.73638,4.65246,4.73638,8931.9697301191,771.7347336703237,3655.2289578614477,,4.73638
2924,2020-08-06,4.73638,4.77826,4.69451,4.73638,8426.6140544214,771.7347336703237,3655.2289578614477,,
2925,2020-08-07,4.65246,4.77826,4.61059,4.77826,5807.7535137667,771.7347336703237,3687.5492085075616,,
2926,2020-08-10,4.77826,4.77826,4.77826,4.77826,1024.9621622068,771.7347336703237,3687.5492085075616,,
2927,2020-08-11,4.77826,4.77826,4.61059,4.73638,2516.9124325421,771.7347336703237,3655.2289578614477,,
2928,2020-08-12,4.69451,4.77826,4.61059,4.73638,2964.1686487779,771.7347336703237,3655.2289578614477,,
2929,2020-08-13,4.65246,4.77826,4.65246,4.69451,1791.2172973754,771.7347336703237,3622.9164245626716,,
2930,2020-08-14,4.77826,4.77826,4.65246,4.73638,600.72648651267,771.7347336703237,3655.2289578614477,,
2931,2020-08-17,4.77826,4.77826,4.65246,4.73638,3280.9751352782,771.7347336703237,3655.2289578614477,,
2932,2020-08-18,4.73638,4.77826,4.65246,4.77826,943.8421622033,771.7347336703237,3687.5492085075616,,
2933,2020-08-19,4.77826,4.77826,4.65246,4.73638,2341.5178379399,771.7347336703237,3655.2289578614477,,
2934,2020-08-20,4.77826,4.77826,4.65246,4.69451,4547.1048650631,0.0,3622.9164245626716,4.69451,
2935,2020-08-21,4.77826,4.77826,4.65246,4.73638,1825.2000000796,0.0,3622.9164245626716,,
2936,2020-08-24,4.73638,4.73638,4.69451,4.73638,1203.6454054579,0.0,3622.9164245626716,,
2937,2020-08-25,4.73638,4.73638,4.69451,4.73638,658.82594597466,0.0,3622.9164245626716,,
2938,2020-08-26,4.73638,4.73638,4.65246,4.73638,1636.6508108822,0.0,3622.9164245626716,,
2939,2020-08-27,4.69451,4.73638,4.65246,4.73638,6064.2681083724,0.0,3622.9164245626716,,
2940,2020-08-28,4.73638,4.77826,4.69451,4.77826,3131.8897298662,0.0,3622.9164245626716,,
2941,2020-08-31,4.73638,4.77826,4.69451,4.77826,4326.765405594,758.2083069072573,3622.9164245626716,,4.77826
2942,2020-09-01,4.77826,4.77826,4.65246,4.73638,3652.5924325916,0.0,3591.1626606693953,4.73638,
2943,2020-09-02,4.73638,4.77826,4.69451,4.77826,8871.6778382246,0.0,3591.1626606693953,,
2944,2020-09-03,4.69451,4.77826,4.69451,4.69451,4877.0659461585,0.0,3591.1626606693953,,
2945,2020-09-04,4.69451,4.77826,4.65246,4.73638,2157.3535136076,0.0,3591.1626606693953,,
2946,2020-09-07,4.77826,4.77826,4.69451,4.77826,13923.042162769,0.0,3591.1626606693953,,
2947,2020-09-08,4.69451,4.82012,4.69451,4.77826,7578.142703033,0.0,3591.1626606693953,,
2948,2020-09-09,4.73638,4.77826,4.65246,4.77826,4394.7308110024,0.0,3591.1626606693953,,
2949,2020-09-10,4.73638,4.77826,4.73638,4.77826,3864.1621623306,0.0,3591.1626606693953,,
2950,2020-09-11,4.77826,4.77826,4.73638,4.77826,8999.9351355274,0.0,3591.1626606693953,,
2951,2020-09-14,4.77826,4.77826,4.73638,4.77826,9065.7081085033,0.0,3591.1626606693953,,
2952,2020-09-15,4.77826,4.77826,4.77826,4.77826,434.10162164054,0.0,3591.1626606693953,,
2953,2020-09-16,4.77826,4.82012,4.73638,4.77826,2548.7027028138,0.0,3591.1626606693953,,
2954,2020-09-17,4.77826,4.90396,4.77826,4.90396,11617.699459966,732.2985221472842,3591.1626606693953,,4.90396
2955,2020-09-18,4.94592,4.94592,4.77826,4.90396,30655.686487823,732.2985221472842,3591.1626606693953,,
2956,2020-09-21,4.90396,4.94592,4.86208,4.94592,21746.737298245,732.2985221472842,3621.889906658696,,
2957,2020-09-22,4.94592,4.94592,4.86208,4.94592,6473.1567570389,732.2985221472842,3621.889906658696,,
2958,2020-09-23,4.94592,5.868,4.94592,5.78426,113256.67459953,732.2985221472842,4235.80504971565,,
2959,2020-09-24,5.70043,6.20343,5.365,5.53276,130688.70487056,732.2985221472842,4051.6319713956077,,
2960,2020-09-25,5.15546,5.19743,4.73638,4.86208,131560.19676249,732.2985221472842,3560.493998561867,,
2961,2020-09-28,4.86208,4.98788,4.77826,4.90396,29513.429190476,732.2985221472842,3591.1626606693953,,
2962,2020-09-29,5.02975,5.07163,4.90396,5.02975,31316.70486623,732.2985221472842,3683.2784917703025,,
2963,2020-09-30,5.07345,5.16093,4.98606,5.11724,15625.465946627,732.2985221472842,3747.3472894729684,,
2964,2020-10-01,5.16093,5.16093,5.02975,5.16093,4464.8886488433,732.2985221472842,3779.3414119055833,,
2965,2020-10-02,5.16093,5.20472,4.98606,5.11724,14649.833514152,732.2985221472842,3747.3472894729684,,
2966,2020-10-05,5.07345,5.11724,4.98606,5.11724,5311.1675677991,732.2985221472842,3747.3472894729684,,
2967,2020-10-06,5.11724,5.11724,4.98606,5.11724,5121.5221623854,0.0,3747.3472894729684,5.11724,
2968,2020-10-07,5.11724,5.11724,5.07345,5.11724,2184.7589190142,0.0,3747.3472894729684,,
2969,2020-10-08,5.07345,5.11724,4.98606,5.07345,10440.363243698,0.0,3747.3472894729684,,
2970,2020-10-09,5.07345,5.11724,4.98606,5.11724,8788.3654057885,0.0,3747.3472894729684,,
2971,2020-10-12,5.11724,5.11724,4.98606,5.02975,3642.7264866453,0.0,3747.3472894729684,,
2972,2020-10-13,5.02975,5.11724,4.81109,5.02975,21210.687568492,0.0,3747.3472894729684,,
2973,2020-10-14,5.02975,5.02975,4.81109,4.98606,14582.96432496,0.0,3747.3472894729684,,
2974,2020-10-15,4.94227,4.98606,4.81109,4.89858,6046.7286489122,0.0,3747.3472894729684,,
2975,2020-10-16,4.98606,5.11724,4.98606,4.98606,9237.8140544567,0.0,3747.3472894729684,,
2976,2020-10-19,5.07345,5.11724,5.07345,5.11724,3678.901621782,0.0,3747.3472894729684,,
2977,2020-10-20,5.16093,5.16093,5.07345,5.16093,3307.2843244685,0.0,3747.3472894729684,,
2978,2020-10-21,5.16093,5.20472,5.02975,5.16093,10500.655135593,0.0,3747.3472894729684,,
2979,2020-10-22,5.20472,5.20472,4.98606,5.16093,3825.7945947614,0.0,3747.3472894729684,,
2980,2020-10-23,5.20472,5.20472,5.02975,5.16093,5634.551351597,726.0992281377521,3747.347289472969,,5.16093
2981,2020-10-26,5.16093,5.20472,5.02975,5.20472,2633.1113514661,726.0992281377521,3779.143174673121,,
2982,2020-10-27,5.07345,5.20472,5.07345,5.16093,1767.1005406176,726.0992281377521,3747.347289472969,,
2983,2020-10-28,5.07345,5.16093,4.81109,4.89858,11862.155676193,0.0,3556.85515697103,4.89858,
2984,2020-10-29,4.81109,4.89858,4.76731,4.89858,6751.59567597,0.0,3556.85515697103,,
2985,2020-10-30,4.81109,4.94227,4.81109,4.94227,2811.7945947172,0.0,3556.85515697103,,
2986,2020-11-02,4.89858,5.02975,4.89858,5.02975,1913.9935135969,0.0,3556.85515697103,,
2987,2020-11-03,5.02975,5.02975,5.02975,5.02975,1049.0789189646,0.0,3556.85515697103,,
2988,2020-11-04,4.85479,5.02975,4.81109,4.98606,10391.033513966,0.0,3556.85515697103,,
2989,2020-11-05,4.98606,4.98606,4.89858,4.98606,3931.0313515227,0.0,3556.85515697103,,
2990,2020-11-06,5.02975,5.02975,4.89858,5.02975,1516.0670270931,0.0,3556.85515697103,,
2991,2020-11-09,5.02975,5.02975,4.85479,4.98606,16891.595676412,0.0,3556.85515697103,,
2992,2020-11-10,4.98606,4.98606,4.89858,4.98606,4416.6551353277,0.0,3556.85515697103,,
2993,2020-11-12,4.98606,4.98606,4.89858,4.98606,1755.0421622387,0.0,3556.85515697103,,
2994,2020-11-13,4.89858,4.98606,4.81109,4.98606,8380.5729733383,0.0,3556.85515697103,,
2995,2020-11-16,5.07345,5.07345,4.94227,5.02975,6383.2670273053,0.0,3556.85515697103,,
2996,2020-11-17,5.02975,5.02975,4.85479,4.89858,11475.191351852,0.0,3556.85515697103,,
2997,2020-11-18,4.98606,4.98606,4.85479,4.98606,1804.3718919705,0.0,3556.85515697103,,
2998,2020-11-19,4.98606,4.98606,4.89858,4.98606,5103.9827029252,0.0,3556.85515697103,,
2999,2020-11-20,4.98606,4.98606,4.89858,4.94227,7390.6897300519,0.0,3556.85515697103,,
3000,2020-11-23,4.94227,4.98606,4.89858,4.98606,1875.6259460277,0.0,3556.85515697103,,
3001,2020-11-24,4.98606,4.98606,4.89858,4.98606,1769.2929730501,0.0,3556.85515697103,,
3002,2020-11-25,4.98606,4.98606,4.94227,4.98606,15752.627027714,0.0,3556.85515697103,,
3003,2020-11-26,4.94227,4.98606,4.94227,4.98606,7141.84864896,713.3598787361223,3556.85515697103,,4.98606
3004,2020-11-27,4.98606,4.98606,4.89858,4.94227,24559.628109179,0.0,3525.617127881175,4.94227,
3005,2020-11-30,4.89858,4.94227,4.81109,4.94227,14691.48973037,0.0,3525.617127881175,,
3006,2020-12-01,4.94227,4.94227,4.81109,4.89858,6818.4648651621,0.0,3525.617127881175,,
3007,2020-12-02,4.89858,4.94227,4.85479,4.94227,2057.5978379275,0.0,3525.617127881175,,
3008,2020-12-03,4.89858,4.94227,4.89858,4.94227,1250.7827027572,0.0,3525.617127881175,,
3009,2020-12-04,4.89858,4.94227,4.85479,4.94227,7107.8659462558,0.0,3525.617127881175,,
3010,2020-12-07,4.94227,4.94227,4.85479,4.89858,2475.2562163241,0.0,3525.617127881175,,
3011,2020-12-08,4.85479,4.94227,4.85479,4.94227,1623.496216287,0.0,3525.617127881175,,
3012,2020-12-09,4.94227,4.98606,4.89858,4.98606,6460.0021624438,707.0948058950704,3525.617127881175,,4.98606
3013,2020-12-10,4.98606,4.98606,4.89858,4.94227,5051.3643245445,707.0948058950704,3494.6534463310295,,
3014,2020-12-11,4.89858,4.98606,4.89858,4.94227,3105.5805406759,707.0948058950704,3494.6534463310295,,
3015,2020-12-14,4.94227,4.94227,4.89858,4.94227,1906.3200000831,707.0948058950704,3494.6534463310295,,
3016,2020-12-15,4.94227,4.94227,4.85479,4.94227,2746.0216217413,707.0948058950704,3494.6534463310295,,
3017,2020-12-16,4.94227,4.94227,4.89858,4.94227,6227.6043245958,707.0948058950704,3494.6534463310295,,
3018,2020-12-17,4.94227,4.98606,4.94227,4.94227,384.77189190866,707.0948058950704,3494.6534463310295,,
3019,2020-12-18,4.89858,4.94227,4.89858,4.94227,5226.7589191468,707.0948058950704,3494.6534463310295,,
3020,2020-12-21,4.98606,4.98606,4.85479,4.89858,5798.9837840366,0.0,3463.760474261474,4.89858,
3021,2020-12-22,4.89858,4.94227,4.85479,4.89858,4486.8129731686,0.0,3463.760474261474,,
3022,2020-12-23,4.94227,4.94227,4.85479,4.89858,4994.3610812988,0.0,3463.760474261474,,
3023,2020-12-28,4.94227,4.94227,4.89858,4.94227,2193.5286487443,700.8440401397484,3463.760474261474,,4.94227
3024,2020-12-29,4.89858,4.98606,4.89858,4.98606,7318.3394597785,700.8440401397484,3494.450434779194,,
3025,2020-12-30,4.94227,4.98606,4.94227,4.98606,2236.2810811786,700.8440401397484,3494.450434779194,,
3026,2021-01-04,4.98606,4.98606,4.94227,4.98606,8289.5870273884,700.8440401397484,3494.450434779194,,
3027,2021-01-05,4.98606,4.98606,4.94227,4.98606,4812.389189399,700.8440401397484,3494.450434779194,,
3028,2021-01-07,4.98606,5.07345,4.98606,5.07345,6233.0854056771,700.8440401397484,3555.6971954470064,,
3029,2021-01-08,5.07345,5.07345,4.85479,4.98606,28388.711352589,700.8440401397484,3494.450434779194,,
3030,2021-01-11,4.98606,5.02975,4.89858,5.02975,2344.8064865887,700.8440401397484,3525.070310892899,,
3031,2021-01-12,5.02975,5.02975,4.94227,5.02975,8632.702703079,700.8440401397484,3525.070310892899,,
3032,2021-01-13,5.02975,5.02975,4.85479,5.02975,5120.4259461691,700.8440401397484,3525.070310892899,,
3033,2021-01-14,5.02975,5.07345,4.98606,5.02975,4049.4227028792,700.8440401397484,3525.070310892899,,
3034,2021-01-15,5.02975,5.07345,5.02975,5.07345,246.6486486594,700.8440401397484,3555.6971954470064,,
3035,2021-01-18,5.07345,5.07345,4.94227,5.02975,646.76756759576,700.8440401397484,3525.070310892899,,
3036,2021-01-19,5.02975,5.02975,4.98606,5.02975,1314.3632433005,700.8440401397484,3525.070310892899,,
3037,2021-01-20,5.02975,5.02975,4.98606,5.02975,3046.3848649977,700.8440401397484,3525.070310892899,,
3038,2021-01-21,5.02975,5.07345,4.98606,5.02975,2720.8086487672,700.8440401397484,3525.070310892899,,
3039,2021-01-22,5.07345,5.07345,5.02975,5.07345,2727.3859460648,700.8440401397484,3555.6971954470064,,
3040,2021-01-25,5.02975,5.07345,5.02975,5.07345,618.2659459729,700.8440401397484,3555.6971954470064,,
3041,2021-01-26,5.07345,5.07345,4.98606,5.07345,394.63783785504,700.8440401397484,3555.6971954470064,,
3042,2021-01-27,5.02975,5.07345,5.02975,5.07345,2058.6940541438,700.8440401397484,3555.6971954470064,,
3043,2021-01-28,5.02975,5.02975,4.98606,5.02975,537.14594596936,700.8440401397484,3525.070310892899,,
3044,2021-01-29,5.02975,5.02975,4.98606,5.02975,677.46162165115,0.0,3525.070310892899,5.02975,
3045,2021-02-01,5.07345,5.07345,4.98606,5.07345,953.70810814968,0.0,3525.070310892899,,
3046,2021-02-02,4.98606,5.07345,4.98606,5.07345,82.2162162198,0.0,3525.070310892899,,
3047,2021-02-03,5.02975,5.07345,4.89858,5.02975,7654.8778381715,0.0,3525.070310892899,,
3048,2021-02-04,4.94227,5.07345,4.89858,4.89858,6934.6637840861,0.0,3525.070310892899,,
3049,2021-02-05,4.89858,4.98606,4.89858,4.98606,2094.8691892805,0.0,3525.070310892899,,
3050,2021-02-08,4.98606,5.07345,4.98606,5.07345,3254.6659460878,0.0,3525.070310892899,,
3051,2021-02-09,4.98606,4.98606,4.94227,4.98606,1540.1837838509,0.0,3525.070310892899,,
3052,2021-02-10,4.98606,5.07345,4.98606,4.98606,3508.9881082611,0.0,3525.070310892899,,
3053,2021-02-11,4.98606,5.07345,4.98606,5.02975,5510.6789191591,0.0,3525.070310892899,,
3054,2021-02-12,5.07345,5.07345,4.98606,5.07345,2766.8497298503,0.0,3525.070310892899,,
3055,2021-02-15,5.02975,5.24842,5.02975,5.11724,25195.433514612,688.8616345711554,3525.070310892899,,5.11724
3056,2021-02-16,5.11724,5.16093,5.02975,5.11724,6658.4172975875,688.8616345711554,3525.070310892899,,
3057,2021-02-17,5.16093,5.16093,5.07345,5.16093,4134.9275677478,688.8616345711554,3555.1666757073126,,
3058,2021-02-18,5.16093,5.20472,5.16093,5.20472,2396.3286487531,688.8616345711554,3585.331926685184,,
3059,2021-02-19,5.20472,5.24842,5.20472,5.20472,6874.3718921915,688.8616345711554,3585.331926685184,,
3060,2021-02-22,5.20472,5.24842,5.20472,5.24842,1832.8735135934,688.8616345711554,3615.4351801159437,,
3061,2021-02-23,5.24842,5.24842,5.20472,5.20472,1195.971891944,688.8616345711554,3585.331926685184,,
3062,2021-02-24,5.20472,5.24842,5.20472,5.20472,2766.8497298503,688.8616345711554,3585.331926685184,,
3063,2021-02-25,5.24842,5.24842,5.24842,5.24842,1901.935135218,688.8616345711554,3615.4351801159437,,
3064,2021-02-26,5.20472,5.20472,5.11724,5.20472,2235.1848649623,688.8616345711554,3585.331926685184,,
3065,2021-03-01,5.20472,5.24842,5.20472,5.24842,1178.4324324838,688.8616345711554,3615.4351801159437,,
3066,2021-03-02,5.20472,5.24842,5.16093,5.24842,537.14594596936,688.8616345711554,3615.4351801159437,,
3067,2021-03-03,5.20472,5.24842,5.16093,5.24842,1645.4205406123,688.8616345711554,3615.4351801159437,,
3068,2021-03-04,5.20472,5.24842,5.16093,5.20472,3085.8486487832,688.8616345711554,3585.331926685184,,
3069,2021-03-05,5.16093,5.24842,5.16093,5.16093,2497.1805406494,0.0,3555.1666757073126,5.16093,
3070,2021-03-08,5.20472,5.2922,5.20472,5.2922,3154.9102704078,671.7748149554651,3555.1666757073126,,5.2922
3071,2021-03-09,5.2922,5.2922,5.24842,5.2922,2694.4994595769,671.7748149554651,3555.1666757073126,,
3072,2021-03-10,5.24842,5.24842,5.20472,5.20472,931.7837838244,0.0,3496.399814895008,5.20472,
3073,2021-03-11,5.20472,5.24842,5.20472,5.20472,1154.315675726,0.0,3496.399814895008,,
3074,2021-03-12,5.20472,5.3359,5.20472,5.2922,3895.9524326023,0.0,3496.399814895008,,
3075,2021-03-15,5.24842,5.2922,5.24842,5.24842,1571.9740541226,0.0,3496.399814895008,,
3076,2021-03-16,5.24842,5.3359,5.24842,5.3359,5113.8486488716,655.2596215999191,3496.399814895008,,5.3359
3077,2021-03-17,5.2922,5.3359,5.24842,5.2922,35894.503785348,655.2596215999191,3467.764969431092,,
3078,2021-03-18,5.2922,5.3359,5.2922,5.3359,674.17297300236,655.2596215999191,3496.399814895008,,
3079,2021-03-19,5.2922,5.55456,5.2922,5.55456,22294.845406377,655.2596215999191,3639.678883754047,,
3080,2021-03-22,5.51087,5.55456,5.46717,5.55456,9996.3956761114,655.2596215999191,3639.678883754047,,
3081,2021-03-23,5.55456,5.77331,5.55456,5.59835,8866.1967571432,655.2596215999191,3668.372702583907,,
3082,2021-03-24,5.55456,5.59835,5.51087,5.51087,8911.1416220101,655.2596215999191,3611.050590886346,,
3083,2021-03-25,5.51087,5.64204,5.51087,5.51087,12694.183784337,655.2596215999191,3611.050590886346,,
3084,2021-03-26,5.51087,5.55456,5.51087,5.51087,1821.9113514308,655.2596215999191,3611.050590886346,,
3085,2021-03-29,5.51087,5.55456,5.51087,5.51087,1953.4572973824,655.2596215999191,3611.050590886346,,
3086,2021-03-30,5.51087,5.55456,5.46717,5.51087,1999.4983784655,655.2596215999191,3611.050590886346,,
3087,2021-03-31,5.46717,5.51087,5.46717,5.51087,115.10270270772,655.2596215999191,3611.050590886346,,
3088,2021-04-01,5.51087,5.59835,5.51087,5.59835,757.48540543842,655.2596215999191,3668.372702583907,,
3089,2021-04-06,5.59835,5.59835,5.52838,5.59835,3877.3167569258,655.2596215999191,3668.372702583907,,
3090,2021-04-07,5.59835,5.63329,5.54589,5.63329,1434.9470270896,655.2596215999191,3691.267473762608,,
3091,2021-04-08,5.58083,5.59835,5.58083,5.58083,1460.1600000636,655.2596215999191,3656.8925540134765,,
3092,2021-04-09,5.58083,5.61586,5.56332,5.61586,834.2205405769,655.2596215999191,3679.8462985581214,,
3093,2021-04-12,5.59835,5.61586,5.58083,5.61586,2762.4648649853,655.2596215999191,3679.8462985581214,,
3094,2021-04-13,5.58083,5.58083,5.54589,5.58083,1154.315675726,0.0,3656.8925540134765,5.58083,
3095,2021-04-14,5.56332,5.59835,5.52838,5.59835,3792.9081082734,0.0,3656.8925540134765,,
3096,2021-04-15,5.52838,5.58083,5.52838,5.58083,2308.631351452,0.0,3656.8925540134765,,
3097,2021-04-16,5.6508,5.94819,5.61586,5.77331,38551.731893572,633.4135104495474,3656.892554013477,,5.77331
3098,2021-04-19,5.77331,5.93077,5.70334,5.93077,18003.158919704,633.4135104495474,3756.6298453688623,,
3099,2021-04-20,5.91325,5.9657,5.72077,5.9657,7662.5513516854,633.4135104495474,3778.754979288865,,
3100,2021-04-21,5.91325,6.03567,5.68583,5.80825,9323.3189193253,633.4135104495474,3679.0240220685837,,
3101,2021-04-22,5.77331,5.77331,5.68583,5.68583,469.18054056099,633.4135104495474,3601.48154011935,,
3102,2021-04-23,5.68583,5.93077,5.68583,5.80825,48896.724326456,633.4135104495474,3679.0240220685837,,
3103,2021-04-26,5.84328,6.24567,5.73828,6.21064,27279.34054173,633.4135104495474,3933.9032845383767,,
3104,2021-04-27,6.19312,6.35058,6.03567,6.21064,3903.6259461161,633.4135104495474,3933.9032845383767,,
3105,2021-04-28,6.15819,6.21064,6.00074,6.19312,3329.2086487938,633.4135104495474,3922.8058798353013,,
3106,2021-04-29,6.00074,6.26318,6.00074,6.19312,1177.3362162675,633.4135104495474,3922.8058798353013,,
3107,2021-04-30,6.1757,6.1757,5.91325,6.12315,21528.590271209,633.4135104495474,3878.485936509146,,
3108,2021-05-04,6.12315,6.12315,5.87822,6.00074,9021.8594598527,633.4135104495474,3800.9497886950176,,
3109,2021-05-05,6.00074,6.19312,5.8608,6.1757,12517.692973519,633.4135104495474,3911.77181648327,,
3110,2021-05-06,6.21064,6.26318,6.03567,6.21064,2019.2302703583,633.4135104495474,3933.9032845383767,,
3111,2021-05-07,6.1757,6.3856,6.15819,6.3856,13368.356757339,633.4135104495474,4044.72531232663,,
3112,2021-05-10,6.3856,6.3856,6.26318,6.36809,2025.8075676559,633.4135104495474,4033.634241758658,,
3113,2021-05-11,6.24567,6.3856,6.21064,6.3856,4674.2659461497,633.4135104495474,4044.72531232663,,
3114,2021-05-12,6.29812,6.3856,6.19312,6.3856,953.70810814968,633.4135104495474,4044.72531232663,,
3115,2021-05-13,6.3856,6.47308,6.22815,6.47308,5086.443243465,633.4135104495474,4100.136326220757,,
3116,2021-05-14,6.31563,6.47308,6.31563,6.3856,9273.9891895934,633.4135104495474,4044.72531232663,,
3117,2021-05-17,6.52554,6.56056,6.33315,6.56056,3481.5827028545,633.4135104495474,4155.547340114883,,
3118,2021-05-18,6.3856,6.57808,6.33315,6.3856,2636.4000001149,633.4135104495474,4044.72531232663,,
3119,2021-05-19,6.40312,6.57808,6.3856,6.3856,2422.6378379434,0.0,4044.72531232663,6.3856,
3120,2021-05-20,6.54305,6.54305,6.29812,6.29812,3521.04648664,0.0,4044.72531232663,,
3121,2021-05-21,6.26318,6.40312,6.26318,6.40312,735.56108111314,0.0,4044.72531232663,,
3122,2021-05-24,6.29812,6.47308,6.29812,6.3856,2630.9189190336,0.0,4044.72531232663,,
3123,2021-05-25,6.43806,6.43806,6.36809,6.36809,1548.953513581,0.0,4044.72531232663,,
3124,2021-05-26,6.29812,6.43806,6.29812,6.29812,1179.5286487001,0.0,4044.72531232663,,
3125,2021-05-27,6.31563,6.31563,6.26318,6.26318,949.32324328462,0.0,4044.72531232663,,
3126,2021-05-28,6.29812,6.42063,6.28061,6.28061,2137.6216217148,0.0,4044.72531232663,,
3127,2021-05-31,6.28061,6.36809,6.26318,6.26318,1326.4216216794,0.0,4044.72531232663,,
3128,2021-06-01,6.28061,6.29812,6.26318,6.29812,1808.7567568356,0.0,4044.72531232663,,
3129,2021-06-02,6.50802,6.50802,6.28061,6.28061,2934.5708109387,0.0,4044.72531232663,,
3130,2021-06-04,6.28061,6.3856,6.28061,6.3856,1218.9924324856,0.0,4044.72531232663,,
3131,2021-06-07,6.45557,6.47308,6.29812,6.29812,1035.9243243695,0.0,4044.72531232663,,
3132,2021-06-08,6.29812,6.43806,6.29812,6.3856,2075.1372973878,0.0,4044.72531232663,,
3133,2021-06-09,6.47308,6.47308,6.3856,6.3856,286.1124324449,0.0,4044.72531232663,,
3134,2021-06-10,6.31563,6.31563,6.29812,6.29812,542.62702705068,0.0,4044.72531232663,,
3135,2021-06-11,6.33315,6.3856,6.33315,6.3856,256.51459460578,0.0,4044.72531232663,,
3136,2021-06-14,6.29812,6.3856,6.29812,6.35058,2002.7870271143,0.0,4044.72531232663,,
3137,2021-06-15,6.33315,6.36809,6.33315,6.36809,374.90594596229,0.0,4044.72531232663,,
3138,2021-06-16,6.33315,6.35058,6.33315,6.35058,1257.3600000548,0.0,4044.72531232663,,
3139,2021-06-17,6.3856,6.3856,6.29812,6.35058,1665.152432505,0.0,4044.72531232663,,
3140,2021-06-18,6.35058,6.35058,6.29812,6.35058,882.45405409252,0.0,4044.72531232663,,
3141,2021-06-21,6.3856,6.3856,6.35058,6.35058,487.81621623748,0.0,4044.72531232663,,
3142,2021-06-22,6.35058,6.36809,6.35058,6.36809,256.51459460578,0.0,4044.72531232663,,
3143,2021-06-23,6.35058,6.3856,6.35058,6.3856,1157.6043243748,0.0,4044.72531232663,,
3144,2021-06-24,6.3856,6.3856,6.36809,6.36809,2642.9772974125,0.0,4044.72531232663,,
3145,2021-06-25,6.36809,6.3856,6.36809,6.3856,2739.4443244437,0.0,4044.72531232663,,
3146,2021-06-28,6.29812,6.45557,6.29812,6.40312,953.70810814968,0.0,4044.72531232663,,
3147,2021-06-29,6.45557,6.50802,6.33315,6.33315,1463.4486487124,0.0,4044.72531232663,,
3148,2021-06-30,6.3856,6.45557,6.35058,6.35058,1947.9762163011,0.0,4044.72531232663,,
3149,2021-07-01,6.35058,6.3856,6.35058,6.3856,624.84324327048,0.0,4044.72531232663,,
3150,2021-07-02,6.45557,6.45557,6.29812,6.3856,2907.1654055321,0.0,4044.72531232663,,
3151,2021-07-05,6.35058,6.45557,6.35058,6.45557,405.60000001768,0.0,4044.72531232663,,
3152,2021-07-06,6.3856,6.45557,6.29812,6.29812,1540.1837838509,0.0,4044.72531232663,,
3153,2021-07-07,6.33315,6.33315,6.33315,6.33315,736.65729732941,0.0,4044.72531232663,,
3154,2021-07-08,6.3856,6.3856,6.31563,6.31563,1477.6994595239,0.0,4044.72531232663,,
3155,2021-07-09,6.35058,6.35058,6.29812,6.35058,892.3200000389,0.0,4044.72531232663,,
3156,2021-07-12,6.36809,6.3856,6.35058,6.3856,2425.9264865922,0.0,4044.72531232663,,
3157,2021-07-13,6.3856,6.3856,6.36809,6.3856,4575.6064866859,0.0,4044.72531232663,,
3158,2021-07-14,6.56805,6.56805,6.3856,6.3856,2913.7427028297,0.0,4044.72531232663,,
3159,2021-07-15,6.3856,6.56805,6.29438,6.29438,3425.675675825,0.0,4044.72531232663,,
3160,2021-07-16,6.29438,6.3856,6.20315,6.3856,1195.971891944,0.0,4044.72531232663,,
3161,2021-07-19,6.20315,6.34911,6.11194,6.20315,1541.2800000672,0.0,4044.72531232663,,
3162,2021-07-20,6.11194,6.27613,6.11194,6.27613,830.93189192811,0.0,4044.72531232663,,
3163,2021-07-21,6.20315,6.27613,6.20315,6.27613,793.66054057514,0.0,4044.72531232663,,
3164,2021-07-22,6.27613,6.27613,6.27613,6.27613,1311.0745946517,0.0,4044.72531232663,,
3165,2021-07-23,6.3856,6.3856,6.3856,6.3856,158.95135135828,0.0,4044.72531232663,,
3166,2021-07-26,6.3856,6.3856,6.27613,6.3856,88.793513517384,0.0,4044.72531232663,,
3167,2021-07-27,6.34911,6.34911,6.27613,6.34911,582.09081083618,637.0539039844373,4044.7253123266305,,6.34911
3168,2021-07-28,6.27613,6.34911,6.27613,6.34911,671.98054056983,637.0539039844373,4044.7253123266305,,
3169,2021-07-29,6.20315,6.20315,6.20315,6.20315,5.48108108132,0.0,3951.740924501062,6.20315,
3170,2021-07-30,6.20315,6.34911,6.20315,6.34911,8.769729730112,0.0,3951.740924501062,,
3171,2021-08-02,6.34911,6.34911,6.11194,6.13018,4279.6281082947,0.0,3951.740924501062,,
3172,2021-08-03,6.18491,6.29438,6.18491,6.29438,554.68540542958,0.0,3951.740924501062,,
3173,2021-08-04,6.14842,6.14842,6.14842,6.14842,219.2432432528,0.0,3951.740924501062,,
3174,2021-08-05,6.27613,6.27613,6.13018,6.27613,335.44216217678,0.0,3951.740924501062,,
3175,2021-08-06,6.27613,6.29438,6.27613,6.29438,131.54594595168,0.0,3951.740924501062,,
3176,2021-08-09,6.29438,6.29438,6.29438,6.29438,547.01189191574,0.0,3951.740924501062,,
3177,2021-08-10,6.29438,6.29438,6.23964,6.23964,1018.3848649093,0.0,3951.740924501062,,
3178,2021-08-11,6.29438,6.29438,6.2214,6.27613,368.3286486647,0.0,3951.740924501062,,
3179,2021-08-13,6.27613,6.27613,6.11194,6.11194,2516.9124325421,0.0,3951.740924501062,,
3180,2021-08-16,6.13018,6.27613,6.11194,6.18491,2977.323243373,0.0,3951.740924501062,,
3181,2021-08-17,6.27613,6.27613,6.25789,6.25789,1172.9513514025,0.0,3951.740924501062,,
3182,2021-08-18,6.2214,6.2214,6.2214,6.2214,9.865945946376,0.0,3951.740924501062,,
3183,2021-08-19,6.25789,6.27613,6.25789,6.27613,331.05729731173,629.6461234074281,3951.740924501062,,6.27613
3184,2021-08-20,6.20315,6.25789,6.20315,6.25789,420.94702704538,629.6461234074281,3940.2561792101105,,
3185,2021-08-23,6.25789,6.25789,6.20315,6.25789,766.25513516854,629.6461234074281,3940.2561792101105,,
3186,2021-08-24,6.25789,6.25789,6.25789,6.25789,1370.27027033,629.6461234074281,3940.2561792101105,,
3187,2021-08-25,6.23964,6.23964,6.20315,6.23964,428.62054055922,629.6461234074281,3928.7651374579245,,
3188,2021-08-26,6.23964,6.23964,6.14842,6.20315,2673.6713514679,629.6461234074281,3905.789350414788,,
3189,2021-08-27,6.20315,6.20315,6.20315,6.20315,99.755675680024,629.6461234074281,3905.789350414788,,
3190,2021-08-30,6.25789,6.25789,6.13018,6.23964,384.77189190866,629.6461234074281,3928.7651374579245,,
3191,2021-08-31,6.23964,6.23964,6.20315,6.23964,910.95567571538,629.6461234074281,3928.7651374579245,,
3192,2021-09-02,6.34911,6.34911,6.16667,6.34911,4432.0021623554,629.6461234074281,3997.692498587336,,
3193,2021-09-06,6.34911,6.36736,6.27613,6.27613,787.08324327755,629.6461234074281,3951.740924501062,,
3194,2021-09-07,6.31263,6.31263,6.29438,6.29438,347.50054055569,629.6461234074281,3963.2319662532477,,
3195,2021-09-08,6.31263,6.36736,6.25789,6.34911,2808.5059460684,629.6461234074281,3997.692498587336,,
3196,2021-09-09,6.34911,6.34911,6.23964,6.33087,470.27675677726,629.6461234074281,3986.2077532963845,,
3197,2021-09-10,6.29438,6.29438,6.29438,6.29438,109.6216216264,629.6461234074281,3963.2319662532477,,
3198,2021-09-13,6.20315,6.34911,6.20315,6.34911,2218.7416217183,629.6461234074281,3997.692498587336,,
3199,2021-09-14,6.2214,6.34911,6.2214,6.34911,172.10594595345,629.6461234074281,3997.692498587336,,
3200,2021-09-15,6.29438,6.34911,6.29438,6.34911,1493.0464865516,629.6461234074281,3997.692498587336,,
3201,2021-09-16,6.34911,6.34911,6.34911,6.34911,518.51027029287,629.6461234074281,3997.692498587336,,
3202,2021-09-17,6.34911,6.36736,6.31263,6.36736,7426.8648651886,629.6461234074281,4009.1835403395216,,
3203,2021-09-20,6.36736,6.36736,6.23964,6.36736,1206.9340541067,629.6461234074281,4009.1835403395216,,
3204,2021-09-21,6.2214,6.2214,6.2214,6.2214,1024.9621622068,0.0,3917.2803921669733,6.2214,
3205,2021-09-22,6.29438,6.29438,6.29438,6.29438,10.96216216264,0.0,3917.2803921669733,,
3206,2021-09-23,6.33087,6.47682,6.33087,6.45858,5105.0789191414,606.5234760840576,3917.2803921669733,,6.45858
3207,2021-09-24,6.45858,6.56805,6.29438,6.53156,1935.9178379222,606.5234760840576,3961.5444754515875,,
3208,2021-09-27,6.53156,6.53156,6.53156,6.53156,110.71783784266,606.5234760840576,3961.5444754515875,,
3209,2021-09-28,6.3856,6.53156,6.3856,6.47682,902.18594598527,606.5234760840576,3928.343380370746,,
3210,2021-09-29,6.47682,6.47682,6.3856,6.3856,1141.1610811308,606.5234760840576,3873.0163088823583,,
3211,2021-09-30,6.29438,6.47682,6.29438,6.47682,4828.8324326429,606.5234760840576,3928.343380370746,,
3212,2021-10-01,6.31263,6.47682,6.2214,6.47682,1291.342702759,606.5234760840576,3928.343380370746,,
3213,2021-10-04,6.45858,6.45858,6.45858,6.45858,10.96216216264,606.5234760840576,3917.2803921669733,,
3214,2021-10-05,6.27613,6.44033,6.27613,6.44033,321.19135136535,606.5234760840576,3906.211338728439,,
3215,2021-10-06,6.44033,6.44033,6.29438,6.44033,472.46918920978,606.5234760840576,3906.211338728439,,
3216,2021-10-07,6.33087,6.44033,6.2214,6.44033,8816.8670274114,0.0,3906.211338728439,6.44033,
3217,2021-10-08,6.40385,6.47682,6.40385,6.47682,4878.1621623748,0.0,3906.211338728439,,
3218,2021-10-11,6.45858,6.47682,6.23964,6.47682,891.22378382263,0.0,3906.211338728439,,
3219,2021-10-12,6.47682,6.47682,6.3856,6.47682,409.98486488274,0.0,3906.211338728439,,
3220,2021-10-13,6.29438,6.47682,6.29438,6.45858,1535.7989189859,0.0,3906.211338728439,,
3221,2021-10-14,6.3856,6.3856,6.3856,6.3856,154.56648649322,0.0,3906.211338728439,,
3222,2021-10-15,6.45858,6.45858,6.3856,6.3856,287.20864866117,0.0,3906.211338728439,,
3223,2021-10-18,6.3856,6.40385,6.31263,6.3856,1132.3913514007,0.0,3906.211338728439,,
3224,2021-10-19,6.40385,6.40385,6.31263,6.40385,1004.1340540978,0.0,3906.211338728439,,
3225,2021-10-20,6.31263,6.40385,6.31263,6.40385,742.13837841073,0.0,3906.211338728439,,
3226,2021-10-21,6.29438,6.40385,6.2214,6.40385,2306.4389190195,0.0,3906.211338728439,,
3227,2021-10-22,6.40385,6.40385,6.27613,6.3856,1739.695135211,0.0,3906.211338728439,,
3228,2021-10-25,6.3856,6.3856,6.3856,6.3856,475.75783785858,0.0,3906.211338728439,,
3229,2021-10-26,6.3856,6.42209,6.25789,6.42209,3138.4670271638,0.0,3906.211338728439,,
3230,2021-10-27,6.2214,6.33087,6.2214,6.33087,2263.6864865852,0.0,3906.211338728439,,
3231,2021-10-28,6.3856,6.3856,6.31263,6.36736,898.89729733648,0.0,3906.211338728439,,
3232,2021-10-29,6.36736,6.36736,6.33087,6.36736,1942.4951352198,0.0,3906.211338728439,,
3233,2021-11-02,6.36736,6.3856,6.36736,6.3856,544.81945948321,0.0,3906.211338728439,,
3234,2021-11-03,6.3856,6.3856,6.31263,6.31263,624.84324327048,0.0,3906.211338728439,,
3235,2021-11-04,6.23964,6.31263,6.13018,6.31263,6517.0054056895,0.0,3906.211338728439,,
3236,2021-11-05,6.31263,6.31263,6.25789,6.31263,3047.4810812139,0.0,3906.211338728439,,
3237,2021-11-08,6.31263,6.31263,6.31263,6.31263,548.108108132,0.0,3906.211338728439,,
3238,2021-11-09,6.2214,6.31263,6.2214,6.31263,456.02594596582,0.0,3906.211338728439,,
3239,2021-11-12,6.31263,6.31263,6.2214,6.31263,372.71351352976,0.0,3906.211338728439,,
3240,2021-11-15,6.25789,6.36736,6.25789,6.36736,3063.9243244579,0.0,3906.211338728439,,
3241,2021-11-16,6.36736,6.36736,6.27613,6.36736,1841.6432433235,0.0,3906.211338728439,,
3242,2021-11-17,6.36736,6.3856,6.36736,6.3856,154.56648649322,611.7218959421884,3906.2113387284385,,6.3856
3243,2021-11-18,6.36736,6.3856,6.29438,6.29438,986.5945946376,0.0,3850.4100673805924,6.29438,
3244,2021-11-19,6.36736,6.36736,6.29438,6.29438,1243.1091892434,0.0,3850.4100673805924,,
3245,2021-11-22,6.25789,6.36736,6.18491,6.36736,964.67027031232,604.7105970732914,3850.4100673805924,,6.36736
3246,2021-11-23,6.20315,6.36736,6.20315,6.36736,523.99135137419,604.7105970732914,3850.4100673805924,,
3247,2021-11-24,6.36736,6.36736,6.29438,6.29438,1457.9675676311,0.0,3806.278288006184,6.29438,
3248,2021-11-25,6.31263,6.31263,6.31263,6.31263,252.12972974072,0.0,3806.278288006184,,
3249,2021-11-26,6.31263,6.31263,6.25789,6.31263,2111.3124325245,0.0,3806.278288006184,,
3250,2021-11-29,6.31263,6.31263,5.71055,5.87476,17405.72108184,0.0,3806.278288006184,,
3251,2021-11-30,6.09369,6.09369,5.91124,5.98422,3042.0000001326,0.0,3806.278288006184,,
3252,2021-12-01,6.09369,6.09369,6.02071,6.09369,916.4367567967,0.0,3806.278288006184,,
3253,2021-12-02,6.02071,6.11194,6.02071,6.11194,2652.8432433589,0.0,3806.278288006184,,
3254,2021-12-03,6.02071,6.27613,6.02071,6.27613,2398.5210811856,0.0,3806.278288006184,,
3255,2021-12-06,6.0572,6.20315,6.0572,6.20315,345.30810812316,0.0,3806.278288006184,,
3256,2021-12-07,6.20315,6.25789,6.20315,6.23964,784.89081084502,610.0156880855601,3806.278288006184,,6.23964
3257,2021-12-09,6.23964,6.23964,6.20315,6.23964,2204.4908109069,610.0156880855601,3806.278288006184,,
3258,2021-12-10,6.0572,6.25789,6.0572,6.25789,278.43891893106,610.0156880855601,3817.4110743137458,,
3259,2021-12-13,6.2214,6.2214,6.2214,6.2214,460.41081083088,610.0156880855601,3795.1516018555035,,
3260,2021-12-14,6.14842,6.20315,6.14842,6.20315,153.47027027696,610.0156880855601,3784.0188155479423,,
3261,2021-12-15,6.20315,6.2214,6.02071,6.09369,6634.3005408297,610.0156880855601,3717.2464983300965,,
3262,2021-12-16,6.0572,6.09369,6.0572,6.09369,374.90594596229,0.0,3717.2464983300965,6.09369,
3263,2021-12-17,6.03895,6.11194,6.00246,6.11194,6716.5167570495,0.0,3717.2464983300965,,
3264,2021-12-20,6.07545,6.11194,6.02071,6.11194,1500.7200000654,0.0,3717.2464983300965,,
3265,2021-12-21,6.02071,6.09369,6.00246,6.09369,6029.189189452,0.0,3717.2464983300965,,
3266,2021-12-22,6.09369,6.09369,6.02071,6.02071,4145.8897299104,0.0,3717.2464983300965,,
3267,2021-12-23,6.02071,6.02071,5.92949,6.02071,3863.0659461143,0.0,3717.2464983300965,,
3268,2021-12-27,6.02071,6.02071,5.92949,6.02071,5112.7524326553,0.0,3717.2464983300965,,
3269,2021-12-28,6.02071,6.11194,6.02071,6.11194,11956.430270791,0.0,3717.2464983300965,,
3270,2021-12-29,6.11194,6.29438,6.11194,6.29438,1075.388108155,590.565949041859,3717.2464983300965,,6.29438
3271,2021-12-30,6.2214,6.29438,6.2214,6.29438,789.27567571008,590.565949041859,3717.2464983300965,,
3272,2022-01-03,6.31263,6.31263,6.29438,6.29438,1129.1027027519,590.565949041859,3717.2464983300965,,
3273,2022-01-04,6.29438,6.45858,6.29438,6.45858,2599.1286487619,590.565949041859,3814.2174271627696,,
3274,2022-01-05,6.45858,6.45858,6.27613,6.45858,970.15135139364,590.565949041859,3814.2174271627696,,
3275,2022-01-07,6.3856,6.3856,6.3856,6.3856,438.4864865056,590.565949041859,3771.1179242016947,,
3276,2022-01-10,6.3856,6.3856,6.31263,6.3856,3576.9535136694,590.565949041859,3771.1179242016947,,
3277,2022-01-11,6.3856,6.3856,6.3856,6.3856,460.41081083088,590.565949041859,3771.1179242016947,,
3278,2022-01-12,6.36736,6.40385,6.34911,6.40385,1445.9091892522,590.565949041859,3781.895752771709,,
3279,2022-01-13,6.42209,6.42209,6.34911,6.34911,959.189189231,590.565949041859,3749.5681727211568,,
3280,2022-01-14,6.36736,6.3856,6.36736,6.3856,150.18162162817,590.565949041859,3771.1179242016947,,
3281,2022-01-17,6.36736,6.3856,6.31263,6.3856,186.35675676488,590.565949041859,3771.1179242016947,,
3282,2022-01-18,6.42209,6.42209,6.23964,6.3856,7942.0864868327,590.565949041859,3771.1179242016947,,
3283,2022-01-19,6.29438,6.29438,6.23964,6.29438,451.64108110077,590.565949041859,3717.2464983300965,,
3284,2022-01-20,6.36736,6.36736,6.36736,6.36736,392.44540542251,590.565949041859,3760.346001291171,,
3285,2022-01-21,6.36736,6.36736,6.33087,6.36736,2108.0237838757,590.565949041859,3760.346001291171,,
3286,2022-01-24,6.29438,6.29438,6.13018,6.13018,5889.9697299865,0.0,3620.275569497423,6.13018,
3287,2022-01-25,6.13018,6.20315,6.11194,6.20315,985.49837842134,0.0,3620.275569497423,,
3288,2022-01-26,6.20315,6.29438,6.20315,6.29438,1643.2281081797,0.0,3620.275569497423,,
3289,2022-01-27,6.20315,6.27613,6.20315,6.27613,439.58270272186,0.0,3620.275569497423,,
3290,2022-01-28,6.27613,6.27613,6.14842,6.27613,576.60972975486,0.0,3620.275569497423,,
3291,2022-01-31,6.2214,6.31263,6.2214,6.25789,548.108108132,0.0,3620.275569497423,,
3292,2022-02-01,6.14842,6.34911,6.14842,6.34911,641.28648651444,0.0,3620.275569497423,,
3293,2022-02-02,6.34911,6.34911,6.25789,6.25789,243.36000001061,0.0,3620.275569497423,,
3294,2022-02-07,6.18491,6.25789,6.18491,6.25789,793.66054057514,0.0,3620.275569497423,,
3295,2022-02-08,6.20315,6.20315,6.18491,6.18491,578.80216218739,0.0,3620.275569497423,,
3296,2022-02-09,6.25789,6.25789,6.18491,6.18491,583.18702705245,0.0,3620.275569497423,,
3297,2022-02-10,6.25789,6.36736,6.25789,6.36736,280.63135136358,0.0,3620.275569497423,,
3298,2022-02-11,6.20315,6.29438,6.20315,6.29438,932.88000004066,0.0,3620.275569497423,,
3299,2022-02-14,6.20315,6.33087,6.14842,6.33087,882.45405409252,571.8448759013253,3620.275569497423,,6.33087
3300,2022-02-15,6.34911,6.34911,6.14842,6.29438,1802.179459538,571.8448759013253,3599.408949975784,,
3301,2022-02-16,6.14842,6.29438,6.14842,6.29438,329.96108109546,571.8448759013253,3599.408949975784,,
3302,2022-02-18,6.25789,6.25789,6.25789,6.25789,668.69189192104,0.0,3578.542330454144,6.25789,
3303,2022-02-21,6.29438,6.29438,6.13018,6.14842,3032.1340541862,0.0,3578.542330454144,,
3304,2022-02-22,6.20315,6.20315,5.94773,6.16667,2885.2410812068,0.0,3578.542330454144,,
3305,2022-02-23,6.13018,6.13018,6.13018,6.13018,657.7297297584,0.0,3578.542330454144,,
3306,2022-02-24,5.96597,6.47682,5.83827,6.29438,38770.975136825,0.0,3578.542330454144,,
3307,2022-02-25,6.47682,7.75395,6.40385,6.47682,96011.001085266,552.515328580097,3578.542330454144,,6.47682
3308,2022-02-28,6.58629,7.11538,6.40385,6.62278,32484.175136551,552.515328580097,3659.187467813695,,
3309,2022-03-01,6.62278,7.97288,6.51331,7.79044,125136.36973518,552.515328580097,4304.337516383532,,
3310,2022-03-02,8.21006,10.9468,8.21006,10.9468,272018.3805524,552.515328580097,6048.274798900607,,
3311,2022-03-03,11.4485,11.4485,8.33777,8.66618,335701.96542004,552.515328580097,4788.197290234266,,
3312,2022-03-04,9.48718,9.48718,8.21006,8.31953,66544.70919209,552.515328580097,4596.667851581975,,
3313,2022-03-07,8.21006,9.10404,7.99113,8.66618,101357.24757199,552.515328580097,4788.197290234266,,
3314,2022-03-08,8.66618,8.68442,7.99113,7.99113,35388.051893434,552.515328580097,4415.221817676271,,
3315,2022-03-09,8.33777,8.33777,7.38905,8.21006,60585.677840479,552.515328580097,4536.183998562312,,
3316,2022-03-10,8.24655,8.24655,7.44378,7.95464,42295.310272114,552.515328580097,4395.060533336384,,
3317,2022-03-11,7.97288,7.97288,7.38905,7.48028,52218.259461736,552.515328580097,4132.969362071128,,
3318,2022-03-14,7.48028,7.91814,7.48028,7.66272,20250.402163045,0.0,4233.770258617282,7.66272,
3319,2022-03-15,7.7357,7.7357,7.2066,7.46203,17818.994595371,0.0,4233.770258617282,,
3320,2022-03-16,7.4073,7.55326,7.02417,7.42554,16240.443243951,0.0,4233.770258617282,,
3321,2022-03-17,7.42554,7.48028,7.02417,7.13363,23346.116757774,0.0,4233.770258617282,,
3322,2022-03-18,7.15187,7.27959,7.15187,7.18836,8432.0951355027,0.0,4233.770258617282,,
3323,2022-03-21,7.2431,7.49852,7.17012,7.49852,28068.61621744,0.0,4233.770258617282,,
3324,2022-03-22,7.51677,7.60799,7.29783,7.53501,10525.868108567,0.0,4233.770258617282,,
3325,2022-03-23,7.5715,7.5715,7.29783,7.49852,16764.434595325,0.0,4233.770258617282,,
3326,2022-03-24,7.53501,7.55326,7.37081,7.53501,4099.8486488274,0.0,4233.770258617282,,
3327,2022-03-25,7.48028,7.55326,7.37081,7.53501,7196.6594597732,0.0,4233.770258617282,,
3328,2022-03-28,7.53501,7.5715,7.42554,7.44378,7347.9372976176,0.0,4233.770258617282,,
3329,2022-03-29,7.53501,7.53501,7.11538,7.18836,22120.547027991,0.0,4233.770258617282,,
3330,2022-03-30,7.11538,7.15187,7.02417,7.06065,10758.265946415,0.0,4233.770258617282,,
3331,2022-03-31,7.09714,7.29783,7.06065,7.29783,5305.6864867178,0.0,4233.770258617282,,
3332,2022-04-01,7.11538,7.29783,6.96942,7.11538,4558.0670272257,0.0,4233.770258617282,,
3333,2022-04-04,7.29783,7.44378,7.2066,7.42554,9452.6724328445,0.0,4233.770258617282,,
3334,2022-04-05,7.42554,7.44378,7.31608,7.31608,5090.82810833,0.0,4233.770258617282,,
3335,2022-04-06,7.42554,7.44378,7.13363,7.44378,7155.0032435551,0.0,4233.770258617282,,
3336,2022-04-07,7.35256,7.38905,7.27959,7.29783,1075.388108155,0.0,4233.770258617282,,
3337,2022-04-08,7.4073,7.44378,7.27959,7.35256,4832.1210812917,0.0,4233.770258617282,,
3338,2022-04-11,7.35256,7.37081,7.29783,7.35256,3915.684324495,0.0,4233.770258617282,,
3339,2022-04-12,7.33432,7.42554,7.13363,7.42554,3142.8518920289,0.0,4233.770258617282,,
3340,2022-04-13,7.31608,7.33432,7.15187,7.29783,3375.2497298769,0.0,4233.770258617282,,
3341,2022-04-14,7.27959,7.37081,7.15187,7.15187,5573.1632434862,0.0,4233.770258617282,,
3342,2022-04-19,7.38905,7.38905,7.13363,7.29783,6190.3329732428,0.0,4233.770258617282,,
3343,2022-04-20,7.2066,7.27959,7.11538,7.11538,838.60540544196,0.0,4233.770258617282,,
3344,2022-04-21,7.11538,7.2066,7.11538,7.17012,2601.3210811945,0.0,4233.770258617282,,
3345,2022-04-22,7.22485,7.29783,7.02417,7.13363,3384.019459607,0.0,4233.770258617282,,
3346,2022-04-25,6.98767,7.17012,6.98767,7.15187,8822.3481084927,0.0,4233.770258617282,,
3347,2022-04-26,7.17012,7.17012,7.17012,7.17012,87.69729730112,0.0,4233.770258617282,,
3348,2022-04-27,7.17012,7.17012,6.75049,6.93294,7787.5200003395,0.0,4233.770258617282,,
3349,2022-04-28,6.93294,7.26134,6.93294,7.2066,6233.0854056771,0.0,4233.770258617282,,
3350,2022-04-29,7.2066,7.2066,6.93294,6.93294,5707.9978380866,0.0,4233.770258617282,,
3351,2022-05-02,6.78699,7.00592,6.78699,6.98767,2488.4108109193,0.0,4233.770258617282,,
3352,2022-05-04,6.98767,6.98767,6.78699,6.96942,2656.1318920077,0.0,4233.770258617282,,
3353,2022-05-05,6.96942,6.98767,6.69576,6.69576,5120.4259461691,0.0,4233.770258617282,,
3354,2022-05-06,6.714,6.714,6.25789,6.3856,20130.914595472,0.0,4233.770258617282,,
3355,2022-05-09,6.3856,6.3856,6.27613,6.3856,8700.6681084874,0.0,4233.770258617282,,
3356,2022-05-10,6.25789,6.36736,6.23964,6.36736,1943.5913514361,0.0,4233.770258617282,,
3357,2022-05-11,6.25789,6.45858,6.2214,6.3856,3721.6540542163,0.0,4233.770258617282,,
3358,2022-05-12,6.45858,6.47682,6.2214,6.34911,1937.0140541385,0.0,4233.770258617282,,
3359,2022-05-13,6.34911,6.49507,6.25789,6.49507,5378.0367569912,0.0,4233.770258617282,,
3360,2022-05-16,6.56805,6.56805,6.49507,6.56805,6171.6972975663,0.0,4233.770258617282,,
3361,2022-05-17,6.56805,6.65927,6.49507,6.49507,8836.5989193041,0.0,4233.770258617282,,
3362,2022-05-18,6.49507,6.65927,6.40385,6.40385,1409.7340541155,0.0,4233.770258617282,,
3363,2022-05-19,6.40385,6.65927,6.40385,6.65927,2566.242162274,635.7709266356945,4233.770258617282,,6.65927
3364,2022-05-20,6.65927,6.80523,6.58629,6.75049,2488.4108109193,635.7709266356945,4291.7652825449895,,
3365,2022-05-23,6.75049,6.93294,6.75049,6.93294,3872.9318920607,635.7709266356945,4407.761688109672,,
3366,2022-05-24,6.93294,7.02417,6.89645,6.89645,3852.1037839517,635.7709266356945,4384.562406996735,,
3367,2022-05-25,6.98767,6.98767,6.89645,6.89645,71.25405405716,635.7709266356945,4384.562406996735,,
3368,2022-05-26,6.98767,7.26134,6.95118,7.2066,4770.7329731809,635.7709266356945,4581.746759892796,,
3369,2022-05-27,7.2066,7.2066,6.95118,7.2066,1521.5481081744,635.7709266356945,4581.746759892796,,
3370,2022-05-30,7.42554,7.64448,7.31608,7.44378,17754.317838612,635.7709266356945,4732.53890827225,,
3371,2022-05-31,7.38905,7.48028,7.29783,7.29783,4268.665946132,635.7709266356945,4639.748141529771,,
3372,2022-06-01,7.29783,7.33432,7.11538,7.26134,3921.1654055763,635.7709266356945,4616.548860416834,,
3373,2022-06-02,7.17012,7.29783,7.0789,7.29783,3949.6670271992,635.7709266356945,4639.748141529771,,
3374,2022-06-03,7.31608,7.31608,7.11538,7.27959,1275.9956757313,635.7709266356945,4628.151679827935,,
3375,2022-06-06,7.26134,7.26134,7.13363,7.17012,1411.926486548,635.7709266356945,4558.553836489126,,
3376,2022-06-07,7.2431,7.2431,7.11538,7.11538,1511.6821622281,635.7709266356945,4523.751735965088,,
3377,2022-06-08,7.02417,7.15187,6.95118,6.98767,4733.461621828,635.7709266356945,4442.557430924443,,
3378,2022-06-09,7.13363,7.13363,6.85996,7.02417,3378.5383785256,635.7709266356945,4465.763069746647,,
3379,2022-06-10,7.02417,7.0789,6.85996,7.0789,3229.4529731137,635.7709266356945,4500.558812561418,,
3380,2022-06-13,7.0789,7.0789,6.56805,7.00592,12748.99459515,0.0,4454.160250335545,7.00592,
3381,2022-06-14,6.67751,7.02417,6.67751,6.96942,2558.5686487602,0.0,4454.160250335545,,
3382,2022-06-15,7.02417,7.02417,6.62278,6.75049,5459.1567569947,0.0,4454.160250335545,,
3383,2022-06-17,6.73224,6.84172,6.53156,6.84172,6332.8410813571,0.0,4454.160250335545,,
3384,2022-06-20,6.84172,6.84172,6.54981,6.78699,2071.848648739,0.0,4454.160250335545,,
3385,2022-06-21,6.78699,6.84172,6.73224,6.73224,1164.1816216724,0.0,4454.160250335545,,
3386,2022-06-22,6.84172,6.84172,6.60454,6.84172,2785.4854055268,0.0,4454.160250335545,,
3387,2022-06-23,6.84172,6.84172,6.60454,6.84172,1496.3351352004,0.0,4454.160250335545,,
3388,2022-06-24,6.84172,6.84172,6.75049,6.82347,1237.6281081621,0.0,4454.160250335545,,
3389,2022-06-27,6.84172,6.84172,6.82347,6.82347,280.63135136358,0.0,4454.160250335545,,
3390,2022-06-28,6.75049,6.84172,6.75049,6.84172,921.91783787802,0.0,4454.160250335545,,
3391,2022-06-29,6.75049,6.84172,6.62278,6.714,2819.468108231,0.0,4454.160250335545,,
3392,2022-06-30,6.75049,6.82347,6.60454,6.82347,551.39675678079,0.0,4454.160250335545,,
3393,2022-07-01,6.82347,6.82347,6.64103,6.82347,10274.834595042,0.0,4454.160250335545,,
3394,2022-07-04,6.67751,6.75049,6.65927,6.67751,1490.854054119,0.0,4454.160250335545,,
3395,2022-07-05,6.75049,6.75049,6.53156,6.75049,3614.2248650224,0.0,4454.160250335545,,
3396,2022-07-06,6.84172,6.84172,6.47682,6.51331,10370.205405857,0.0,4454.160250335545,,
3397,2022-07-07,6.58629,6.714,6.47682,6.47682,2709.8464866046,0.0,4454.160250335545,,
3398,2022-07-08,6.62278,6.73224,6.51331,6.73224,1852.6054054862,0.0,4454.160250335545,,
3399,2022-07-11,6.75049,6.75049,6.56805,6.75049,1432.754594657,0.0,4454.160250335545,,
3400,2022-07-12,6.95118,7.18836,6.93294,7.11538,15670.410811494,625.9904952842357,4454.160250335545,,7.11538
3401,2022-07-13,7.11538,7.13363,6.84172,7.11538,3635.0529731314,625.9904952842357,4454.160250335545,,
3402,2022-07-14,6.86872,7.00154,6.86872,7.00154,2285.1891892888,625.9904952842357,4382.897492352388,,
3403,2022-07-15,7.00154,7.19128,7.00154,7.19128,2763.7297298502,625.9904952842357,4501.672928927619,,
3404,2022-07-18,7.03949,7.11538,7.02051,7.11538,1114.1351351837,625.9904952842357,4454.160250335545,,
3405,2022-07-19,7.11538,7.11538,7.02051,7.02051,217.1351351446,625.9904952842357,4394.772532047929,,
3406,2022-07-20,7.02051,7.19128,7.02051,7.11538,1146.8108108608,625.9904952842357,4454.160250335545,,
3407,2022-07-21,7.02051,7.21026,7.02051,7.07744,2104.9459460377,625.9904952842357,4430.410170944461,,
3408,2022-07-22,7.11538,7.4,7.11538,7.22923,1313.3513514086,625.9904952842357,4525.4292682236555,,
3409,2022-07-25,7.30513,7.4,7.26718,7.30513,1330.2162162742,625.9904952842357,4572.941946815729,,
3410,2022-07-26,7.43795,7.43795,6.92564,6.92564,15898.29729799,625.9904952842357,4335.3848137603145,,
3411,2022-07-27,7.07744,7.09641,7.03949,7.09641,1096.216216264,625.9904952842357,4442.285210640003,,
3412,2022-07-28,7.11538,7.30513,7.03949,7.30513,1855.135135216,625.9904952842357,4572.941946815729,,
3413,2022-07-29,7.21026,7.30513,7.03949,7.21026,1872.0000000816,625.9904952842357,4513.5542285281135,,
3414,2022-08-01,7.21026,7.76051,7.21026,7.68462,10626.972973436,625.9904952842357,4810.499079871143,,
3415,2022-08-02,7.57077,7.72256,7.57077,7.57077,933.8918919326,625.9904952842357,4739.230061983034,,
3416,2022-08-03,7.62769,7.62769,7.57077,7.57077,2350.540540643,625.9904952842357,4739.230061983034,,
3417,2022-08-04,7.57077,7.58974,7.41897,7.58974,538.6216216451,625.9904952842357,4751.105101678575,,
3418,2022-08-05,7.57077,7.57077,7.21026,7.43795,1755.0000000765,625.9904952842357,4656.086004399382,,
3419,2022-08-08,7.45692,7.81744,7.45692,7.77949,12246.000000534,625.9904952842357,4869.886798158759,,
3420,2022-08-09,7.79846,7.79846,7.19128,7.41897,5393.5945948297,625.9904952842357,4644.204704798886,,
3421,2022-08-10,7.58974,7.66564,7.58974,7.58974,283.5405405529,625.9904952842357,4751.105101678575,,
3422,2022-08-11,7.62769,7.66564,7.58974,7.62769,2715.2432433616,625.9904952842357,4774.861440974612,,
3423,2022-08-12,7.64667,7.64667,7.58974,7.62769,442.702702722,625.9904952842357,4774.861440974612,,
3424,2022-08-16,7.49487,7.64667,7.49487,7.51385,1112.0270270755,625.9904952842357,4703.598682991455,,
3425,2022-08-17,7.53282,7.53282,7.41897,7.41897,929.6756757162,0.0,4644.204704798886,7.41897,
3426,2022-08-18,7.49487,7.49487,7.26718,7.45692,1720.2162162912,0.0,4644.204704798886,,
3427,2022-08-19,7.49487,7.49487,7.3241,7.49487,1959.4864865719,0.0,4644.204704798886,,
3428,2022-08-22,7.28615,7.4759,7.28615,7.36205,145.4594594658,0.0,4644.204704798886,,
3429,2022-08-23,7.3241,7.57077,7.3241,7.49487,462.7297297499,0.0,4644.204704798886,,
3430,2022-08-24,7.57077,7.57077,7.3241,7.57077,1243.783783838,0.0,4644.204704798886,,
3431,2022-08-25,7.55179,7.55179,7.3241,7.55179,883.2972973358,0.0,4644.204704798886,,
3432,2022-08-26,7.34308,7.45692,7.34308,7.36205,1197.4054054576,0.0,4644.204704798886,,
3433,2022-08-29,7.36205,7.36205,7.30513,7.3241,2264.1081082068,0.0,4644.204704798886,,
3434,2022-08-30,7.55179,7.55179,7.41897,7.43795,1124.6756757247,0.0,4644.204704798886,,
3435,2022-08-31,7.45692,7.49487,7.41897,7.49487,3705.0000001615,0.0,4644.204704798886,,
3436,2022-09-01,7.41897,7.49487,7.36205,7.36205,924.4054054457,0.0,4644.204704798886,,
3437,2022-09-02,7.4759,7.51385,7.4759,7.49487,1274.3513514069,0.0,4644.204704798886,,
3438,2022-09-05,7.57077,7.72256,7.45692,7.58974,15384.972973644,0.0,4644.204704798886,,
3439,2022-09-06,7.49487,7.77949,7.49487,7.57077,10240.135135582,0.0,4644.204704798886,,
3440,2022-09-07,7.68462,7.68462,7.58974,7.58974,1287.0000000561,0.0,4644.204704798886,,
3441,2022-09-08,7.68462,7.68462,7.66564,7.66564,953.9189189605,605.8469618712705,4644.204704798886,,7.66564
3442,2022-09-09,7.66564,7.68462,7.49487,7.49487,1675.945946019,0.0,4540.744219120129,7.49487,
3443,2022-09-12,7.58974,7.58974,7.4,7.45692,4237.297297482,0.0,4540.744219120129,,
3444,2022-09-13,7.45692,7.45692,7.4,7.41897,1609.5405406107,0.0,4540.744219120129,,
3445,2022-09-14,7.45692,7.55179,7.34308,7.55179,5236.5405407688,0.0,4540.744219120129,,
3446,2022-09-15,7.55179,7.55179,7.36205,7.36205,1416.6486487104,0.0,4540.744219120129,,
3447,2022-09-16,7.4,7.51385,7.36205,7.51385,500.6756756975,0.0,4540.744219120129,,
3448,2022-09-19,7.51385,7.53282,7.36205,7.53282,394.2162162334,0.0,4540.744219120129,,
3449,2022-09-20,7.36205,7.51385,7.3241,7.51385,445.8648648843,0.0,4540.744219120129,,
3450,2022-09-21,7.51385,7.53282,7.3241,7.3241,1398.7297297907,0.0,4540.744219120129,,
3451,2022-09-22,7.49487,7.58974,7.45692,7.57077,8993.1891895812,0.0,4540.744219120129,,
3452,2022-09-23,7.57077,7.57077,7.41897,7.57077,2038.5405406294,0.0,4540.744219120129,,
3453,2022-09-26,7.41897,7.41897,6.92564,7.09641,11916.081081601,0.0,4540.744219120129,,
3454,2022-09-27,7.21026,7.21026,7.02051,7.19128,1315.4594595168,0.0,4540.744219120129,,
3455,2022-09-28,7.05846,7.17231,6.94462,7.17231,286.7027027152,0.0,4540.744219120129,,
3456,2022-09-29,7.26718,7.26718,6.98256,7.26718,1375.5405406005,0.0,4540.744219120129,,
3457,2022-09-30,7.26718,7.4,7.15333,7.30513,2913.4054055324,0.0,4540.744219120129,,
3458,2022-10-03,7.17231,7.30513,7.17231,7.17231,346.7837837989,0.0,4540.744219120129,,
3459,2022-10-04,7.17231,7.17231,7.15333,7.17231,1976.3513514375,0.0,4540.744219120129,,
3460,2022-10-05,7.17231,7.17231,7.17231,7.17231,382.6216216383,0.0,4540.744219120129,,
3461,2022-10-06,7.17231,7.17231,7.13436,7.17231,139.1351351412,0.0,4540.744219120129,,
3462,2022-10-07,7.17231,7.17231,6.83077,6.83077,5382.0000002346,0.0,4540.744219120129,,
3463,2022-10-10,6.83077,6.96359,6.83077,6.92564,562.8648648894,0.0,4540.744219120129,,
3464,2022-10-11,6.92564,7.07744,6.88769,7.07744,1642.2162162878,0.0,4540.744219120129,,
3465,2022-10-12,7.07744,7.07744,6.88769,7.07744,573.4054054304,0.0,4540.744219120129,,
3466,2022-10-13,6.86872,7.05846,6.75487,6.75487,1171.0540541051,0.0,4540.744219120129,,
3467,2022-10-14,6.79282,7.07744,6.77385,7.07744,1435.6216216842,0.0,4540.744219120129,,
3468,2022-10-17,7.07744,7.07744,7.03949,7.05846,777.8918919258,0.0,4540.744219120129,,
3469,2022-10-18,7.05846,7.05846,6.83077,6.96359,1040.3513513967,0.0,4540.744219120129,,
3470,2022-10-19,6.96359,6.96359,6.79282,6.81179,1149.9729730231,0.0,4540.744219120129,,
3471,2022-10-20,6.79282,7.07744,6.67897,6.7359,6148.2972975653,0.0,4540.744219120129,,
3472,2022-10-21,6.84974,6.84974,6.66,6.84974,2067.0000000901,0.0,4540.744219120129,,
3473,2022-10-24,6.71692,6.84974,6.71692,6.84974,1782.4054054831,0.0,4540.744219120129,,
3474,2022-10-25,6.94462,6.94462,6.90667,6.90667,583.9459459714,0.0,4540.744219120129,,
3475,2022-10-26,6.90667,7.07744,6.90667,7.07744,3627.0000001581,641.5800372903378,4540.744219120129,,7.07744
3476,2022-10-27,7.17231,7.17231,6.96359,7.11538,1218.4864865396,641.5800372903378,4565.085765734924,,
3477,2022-10-28,7.05846,7.11538,7.05846,7.11538,2034.324324413,641.5800372903378,4565.085765734924,,
3478,2022-10-31,7.13436,7.13436,6.86872,7.11538,1313.3513514086,641.5800372903378,4565.085765734924,,
3479,2022-11-02,7.13436,7.13436,6.84974,7.02051,10333.945946396,641.5800372903378,4504.21906759719,,
3480,2022-11-03,7.02051,7.02051,6.88769,7.02051,983.4324324753,641.5800372903378,4504.21906759719,,
3481,2022-11-04,7.03949,7.07744,6.84974,7.02051,9801.6486490759,641.5800372903378,4504.21906759719,,
3482,2022-11-07,6.88769,7.02051,6.88769,7.02051,2713.1351352534,641.5800372903378,4504.21906759719,,
3483,2022-11-08,7.07744,7.07744,6.92564,7.07744,2702.5945947124,641.5800372903378,4540.744219120129,,
3484,2022-11-09,7.07744,7.13436,6.96359,7.13436,2326.2972973987,641.5800372903378,4577.262954842695,,
3485,2022-11-10,7.13436,7.13436,7.11538,7.13436,314.1081081218,641.5800372903378,4577.262954842695,,
3486,2022-11-14,7.13436,7.21026,7.07744,7.21026,4710.5675677729,641.5800372903378,4625.958879673031,,
3487,2022-11-15,7.21026,7.36205,7.15333,7.36205,7120.1351354455,641.5800372903378,4723.344313533332,,
3488,2022-11-16,7.36205,7.49487,7.19128,7.45692,18537.648649457,641.5800372903378,4784.211011671066,,
3489,2022-11-17,7.58974,7.76051,7.51385,7.74154,47905.702704791,641.5800372903378,4966.817521884642,,
3490,2022-11-18,7.77949,7.77949,7.60872,7.60872,5858.4324326878,641.5800372903378,4881.602861331739,,
3491,2022-11-21,7.58974,7.68462,7.58974,7.66564,5139.5675677916,641.5800372903378,4918.121597054305,,
3492,2022-11-22,7.58974,7.72256,7.49487,7.64667,3311.8378379822,641.5800372903378,4905.950823746908,,
3493,2022-11-23,7.58974,7.58974,7.45692,7.57077,1195.2972973494,641.5800372903378,4857.254898916572,,
3494,2022-11-24,7.49487,7.57077,7.43795,7.43795,2991.4054055358,641.5800372903378,4772.040238363668,,
3495,2022-11-25,7.45692,7.64667,7.45692,7.62769,1795.0540541323,641.5800372903378,4893.7736346391375,,
3496,2022-11-28,7.58974,7.62769,7.55179,7.62769,1254.324324379,641.5800372903378,4893.7736346391375,,
3497,2022-11-29,7.62769,7.62769,7.45692,7.57077,8268.0000003604,641.5800372903378,4857.254898916572,,
3498,2022-11-30,7.57077,7.62769,7.45692,7.62769,808.4594594947,641.5800372903378,4893.7736346391375,,
3499,2022-12-01,7.57077,7.62769,7.45692,7.62769,3131.5945947311,641.5800372903378,4893.7736346391375,,
3500,2022-12-02,7.62769,7.68462,7.58974,7.68462,2945.0270271554,641.5800372903378,4930.298786162076,,
3501,2022-12-05,7.68462,7.74154,7.4759,7.72256,2441.1891892956,641.5800372903378,4954.640332776871,,
3502,2022-12-06,7.58974,7.60872,7.49487,7.60872,2684.6756757927,641.5800372903378,4881.602861331739,,
3503,2022-12-07,7.58974,7.58974,7.49487,7.58974,2247.2432433412,0.0,4869.425672223969,7.58974,
3504,2022-12-08,7.57077,7.60872,7.49487,7.60872,1824.5675676471,0.0,4869.425672223969,,
3505,2022-12-09,7.53282,7.57077,7.53282,7.53282,573.4054054304,0.0,4869.425672223969,,
3506,2022-12-12,7.66564,7.66564,7.57077,7.62769,2636.1891893041,0.0,4869.425672223969,,
3507,2022-12-13,7.58974,7.68462,7.53282,7.58974,4198.2972974803,0.0,4869.425672223969,,
3508,2022-12-14,7.70359,7.70359,7.53282,7.58974,3332.9189190642,0.0,4869.425672223969,,
3509,2022-12-15,7.68462,7.68462,7.51385,7.68462,4448.108108302,0.0,4869.425672223969,,
3510,2022-12-16,7.58974,7.74154,7.58974,7.72256,6534.0810813659,0.0,4869.425672223969,,
3511,2022-12-19,7.72256,8.0641,7.70359,8.0641,17976.891892676,603.8399414967533,4869.425672223969,,8.0641
3512,2022-12-20,8.0641,8.0641,7.96923,8.04513,5448.4054056429,603.8399414967533,4857.970828533776,,
3513,2022-12-21,8.04513,8.04513,7.77949,8.02615,6661.621621912,603.8399414967533,4846.509946444166,,
3514,2022-12-22,8.02615,8.02615,7.81744,7.87436,2106.0000000918,603.8399414967533,4754.8530817243745,,
3515,2022-12-23,7.81744,8.02615,7.77949,7.89333,11503.945946447,603.8399414967533,4766.307925414568,,
3516,2022-12-27,7.96923,8.00718,7.79846,7.91231,3393.0000001479,603.8399414967533,4777.768807504176,,
3517,2022-12-28,8.04513,8.04513,7.70359,7.70359,14014.702703314,0.0,4651.735334914974,7.70359,
3518,2022-12-29,7.77949,8.10205,7.77949,8.10205,13207.297297873,574.143005154865,4651.735334914974,,8.10205
3519,2022-12-30,8.15897,8.40564,8.14,8.36769,13831.2972979,574.143005154865,4804.250682804312,,
3520,2023-01-02,8.40564,8.53846,8.23487,8.50051,13177.783784358,574.143005154865,4880.508356748982,,
3521,2023-01-03,8.53846,8.69026,8.42462,8.69026,7987.6216219698,574.143005154865,4989.451991977117,,
3522,2023-01-04,8.69026,8.78513,8.55744,8.76615,6349.6216218984,574.143005154865,5033.02370463832,,
3523,2023-01-05,8.72821,8.78513,8.72821,8.78513,3182.1891893279,574.143005154865,5043.92093887616,,
3524,2023-01-09,8.82308,8.97487,8.82308,8.97487,4294.2162164034,574.143005154865,5152.858832674243,,
3525,2023-01-10,8.97487,9.20256,8.9559,9.10769,7523.8378381658,574.143005154865,5229.116506618912,,
3526,2023-01-11,9.18359,9.18359,8.31077,8.63333,16948.135135874,574.143005154865,4956.766030693651,,
3527,2023-01-12,8.8041,8.86103,8.69026,8.86103,3969.5675677406,574.143005154865,5087.498392967414,,
3528,2023-01-13,8.82308,8.88,8.57641,8.72821,5642.3513515973,574.143005154865,5011.240719022745,,
3529,2023-01-16,8.74718,8.82308,8.57641,8.8041,2393.7567568611,574.143005154865,5054.812431683948,,
3530,2023-01-17,8.76615,8.89897,8.70923,8.89897,3902.1081082782,574.143005154865,5109.281378582989,,
3531,2023-01-18,8.69026,9.01282,8.69026,9.01282,3089.4324325671,574.143005154865,5174.6475597198705,,
3532,2023-01-19,8.76615,9.08872,8.76615,8.99385,1729.7027027781,574.143005154865,5163.756066912083,,
3533,2023-01-20,8.99385,9.08872,8.8041,9.08872,1908.8918919751,574.143005154865,5218.225013811125,,
3534,2023-01-23,9.03179,9.16462,9.03179,9.03179,3869.4324326011,574.143005154865,5185.539052527659,,
3535,2023-01-24,9.01282,9.14564,8.89897,9.10769,3833.5945947617,0.0,5229.116506618912,9.10769,
3536,2023-01-25,9.10769,9.16462,9.10769,9.10769,6442.3783786592,0.0,5229.116506618912,,
3537,2023-01-26,9.10769,9.18359,9.01282,9.14564,1519.9459460122,0.0,5229.116506618912,,
3538,2023-01-27,9.14564,9.14564,9.01282,9.08872,1658.0270270993,0.0,5229.116506618912,,
3539,2023-01-30,9.08872,9.14564,8.97487,9.10769,2818.5405406634,0.0,5229.116506618912,,
3540,2023-01-31,8.97487,9.16462,8.93692,9.12667,2020.6216217097,0.0,5229.116506618912,,
3541,2023-02-01,9.12667,9.12667,8.76615,9.06974,7881.1621625057,0.0,5229.116506618912,,
3542,2023-02-02,9.10769,9.10769,8.84205,9.01282,753.6486486815,0.0,5229.116506618912,,
3543,2023-02-03,9.03179,9.10769,8.89897,9.10769,4381.7027028937,0.0,5229.116506618912,,
3544,2023-02-06,9.12667,9.12667,9.01282,9.10769,1080.4054054525,0.0,5229.116506618912,,
3545,2023-02-07,9.08872,9.10769,8.89897,8.9559,3815.675675842,0.0,5229.116506618912,,
3546,2023-02-08,8.91795,9.12667,8.91795,9.10769,2158.7027027968,0.0,5229.116506618912,,
3547,2023-02-09,9.10769,9.14564,8.9559,9.08872,3389.8378379856,0.0,5229.116506618912,,
3548,2023-02-10,9.10769,9.10769,8.89897,9.01282,2747.9189190387,0.0,5229.116506618912,,
3549,2023-02-13,9.08872,9.08872,8.89897,8.97487,450.0810811007,0.0,5229.116506618912,,
3550,2023-02-14,9.08872,9.08872,8.89897,8.91795,3546.8918920465,0.0,5229.116506618912,,
3551,2023-02-15,8.97487,9.18359,8.89897,9.18359,9986.1081085434,0.0,5229.116506618912,,
3552,2023-02-16,9.18359,9.20256,9.01282,9.01282,4622.0270272285,0.0,5229.116506618912,,
3553,2023-02-17,9.16462,9.29744,9.08872,9.18359,10771.378378848,0.0,5229.116506618912,,
3554,2023-02-20,9.27846,9.96154,9.14564,9.86667,14646.08108172,529.977845272915,5229.116506618912,,9.86667
3555,2023-02-21,9.81923,9.9141,9.62949,9.62949,5462.1081083462,529.977845272915,5103.416361277083,,
3556,2023-02-22,9.67692,9.86667,9.58205,9.72436,2142.8918919853,529.977845272915,5153.695359458125,,
3557,2023-02-23,9.81923,9.81923,9.62949,9.81923,2255.675675774,529.977845272915,5203.974357639165,,
3558,2023-02-24,9.81923,10.341,9.81923,10.1038,10454.108108564,529.977845272915,5354.7901530684785,,
3559,2023-02-27,10.3885,10.3885,9.9141,10.341,5322.972973205,529.977845272915,5480.500897967214,,
3560,2023-02-28,10.2462,10.2936,9.96154,10.1987,2880.7297298553,529.977845272915,5405.085050584878,,
3561,2023-03-01,9.96154,10.4359,9.96154,10.341,12663.405405957,529.977845272915,5480.500897967214,,
3562,2023-03-02,10.341,10.4359,9.86667,10.2936,10746.08108155,529.977845272915,5455.379948101278,,
3563,2023-03-03,10.2462,10.341,9.96154,10.2936,2732.1081082272,529.977845272915,5455.379948101278,,
3564,2023-03-06,10.1987,10.341,9.58205,10.1987,4953.0000002159,529.977845272915,5405.085050584878,,
3565,2023-03-07,10.1038,10.2462,9.86667,10.2462,1533.6486487155,529.977845272915,5430.258998235342,,
3566,2023-03-08,10.2462,10.2462,9.77179,10.2462,680.9189189486,529.977845272915,5430.258998235342,,
3567,2023-03-09,10.2462,10.2462,9.96154,10.1987,2441.1891892956,529.977845272915,5405.085050584878,,
3568,2023-03-10,10.1987,10.1987,9.77179,9.77179,1704.4054054797,0.0,5178.832208659418,9.77179,
3569,2023-03-13,9.77179,9.77179,9.10769,9.46821,16454.837838555,0.0,5178.832208659418,,
3570,2023-03-14,9.46821,9.48718,9.41128,9.46821,2092.2972973885,0.0,5178.832208659418,,
3571,2023-03-15,9.46821,9.46821,9.22154,9.22154,3443.5945947447,0.0,5178.832208659418,,
3572,2023-03-16,9.29744,9.48718,9.29744,9.48718,3138.9729731098,0.0,5178.832208659418,,
3573,2023-03-17,9.39231,9.77179,9.39231,9.58205,1344.9729730316,0.0,5178.832208659418,,
3574,2023-03-20,9.62949,9.67692,9.48718,9.67692,667.2162162453,0.0,5178.832208659418,,
3575,2023-03-21,9.67692,9.96154,9.67692,9.86667,2535.0000001105,0.0,5178.832208659418,,
3576,2023-03-22,9.86667,10.1513,9.86667,10.0564,2601.4054055188,0.0,5178.832208659418,,
3577,2023-03-23,10.1038,10.1513,9.77179,10.1513,2307.3243244249,0.0,5178.832208659418,,
3578,2023-03-24,10.1513,10.1513,9.53462,9.72436,2954.5135136423,0.0,5178.832208659418,,
3579,2023-03-27,9.77179,9.81923,9.39231,9.81923,2541.3243244351,0.0,5178.832208659418,,
3580,2023-03-28,9.77179,9.81923,9.58205,9.81923,1163.6756757264,0.0,5178.832208659418,,
3581,2023-03-29,9.77179,9.77179,9.39231,9.58205,6354.8918921689,0.0,5178.832208659418,,
3582,2023-03-30,9.48718,9.67692,9.48718,9.67692,729.4054054372,0.0,5178.832208659418,,
3583,2023-03-31,9.67692,9.96154,9.67692,9.96154,1683.3243243977,0.0,5178.832208659418,,
3584,2023-04-03,9.72436,9.96154,9.72436,9.96154,968.6756757179,0.0,5178.832208659418,,
3585,2023-04-04,9.96154,9.96154,9.72436,9.96154,1363.9459460054,0.0,5178.832208659418,,
3586,2023-04-05,9.96154,9.96154,9.72436,9.86667,248.7567567676,0.0,5178.832208659418,,
3587,2023-04-06,9.77179,9.96154,9.72436,9.9141,4044.4054055817,0.0,5178.832208659418,,
3588,2023-04-11,9.96154,10.1038,9.77179,10.1038,2006.9189190064,512.5628188067279,5178.832208659417,,10.1038
3589,2023-04-12,9.9141,10.0564,9.9141,10.0564,755.7567567897,512.5628188067279,5154.536731047979,,
3590,2023-04-13,10.1038,10.1513,9.9141,10.0564,2195.5945946903,512.5628188067279,5154.536731047979,,
3591,2023-04-14,10.1513,10.1513,9.9141,9.9141,157.0540540609,512.5628188067279,5081.599041931781,,
3592,2023-04-17,9.96154,10.1513,9.9141,10.0564,1658.0270270993,512.5628188067279,5154.536731047979,,
3593,2023-04-18,10.0564,10.0564,9.9141,9.9141,1812.972973052,0.0,5081.599041931781,9.9141,
3594,2023-04-19,9.9141,9.9141,9.77179,9.9141,655.6216216502,0.0,5081.599041931781,,
3595,2023-04-20,9.86667,10.0564,9.81923,10.0564,5348.2702705034,0.0,5081.599041931781,,
3596,2023-04-21,9.81923,10.009,9.77179,10.009,1663.2972973698,0.0,5081.599041931781,,
3597,2023-04-24,10.009,10.0564,9.72436,9.86667,1779.2432433208,0.0,5081.599041931781,,
3598,2023-04-25,9.72436,9.86667,9.53462,9.67692,1175.2702703215,0.0,5081.599041931781,,
3599,2023-04-26,9.62949,10.1513,9.44923,9.67692,14126.432433048,0.0,5081.599041931781,,
3600,2023-04-27,9.77179,10.1038,9.67692,10.009,7406.8378381607,0.0,5081.599041931781,,
3601,2023-04-28,10.009,10.0564,9.67692,9.9141,6076.6216218865,0.0,5081.599041931781,,
3602,2023-05-02,9.96154,9.96154,9.72436,9.81923,954.9729730146,0.0,5081.599041931781,,
3603,2023-05-04,9.86667,10.1038,9.77179,10.009,4420.7027028954,0.0,5081.599041931781,,
3604,2023-05-05,9.86667,9.96154,9.77179,9.86667,961.2972973392,0.0,5081.599041931781,,
3605,2023-05-08,9.77179,10.1513,9.77179,10.009,6492.972973256,0.0,5081.599041931781,,
3606,2023-05-09,10.009,10.0564,9.67692,9.77179,2491.7837838924,0.0,5081.599041931781,,
3607,2023-05-10,9.81923,9.81923,9.62949,9.81923,2199.8108109067,0.0,5081.599041931781,,
3608,2023-05-11,9.81923,9.81923,9.62949,9.81923,641.9189189469,0.0,5081.599041931781,,
3609,2023-05-12,9.81923,9.86667,9.53462,9.86667,3280.2162163592,0.0,5081.599041931781,,
3610,2023-05-15,9.86667,9.86667,9.77179,9.86667,455.3513513712,0.0,5081.599041931781,,
3611,2023-05-16,9.9141,9.96154,9.77179,9.9141,2006.9189190064,0.0,5081.599041931781,,
3612,2023-05-17,9.9141,9.9141,9.81923,9.81923,741.0000000323,0.0,5081.599041931781,,
3613,2023-05-18,9.81923,9.81923,9.72436,9.72436,944.4324324736,0.0,5081.599041931781,,
3614,2023-05-19,9.77179,9.86667,9.67692,9.77179,2614.054054168,0.0,5081.599041931781,,
3615,2023-05-22,9.96154,10.1513,9.96154,9.96154,18397.459460261,0.0,5081.599041931781,,
3616,2023-05-23,10.0564,10.1987,9.86667,10.1038,14073.729730343,502.93939329081945,5081.599041931781,,10.1038
3617,2023-05-24,10.009,10.009,9.9141,10.009,5423.1081083445,502.93939329081945,5033.920387447812,,
3618,2023-05-25,10.0564,10.1038,9.39231,9.86667,7031.5945949011,502.93939329081945,4962.3370236007295,,
3619,2023-05-26,9.86667,9.9141,9.77179,9.9141,2112.3243244164,502.93939329081945,4986.191439024513,,
3620,2023-05-29,9.96154,10.8628,9.96154,10.1987,35512.135136683,502.93939329081945,5129.327990355081,,
3621,2023-05-30,10.2462,10.3885,10.1513,10.2936,4089.729729908,502.93939329081945,5177.056938778379,,
3622,2023-05-31,10.1513,10.2936,10.0564,10.2936,3049.3783785113,502.93939329081945,5177.056938778379,,
3623,2023-06-01,10.2936,10.7205,10.1987,10.1987,6059.7567570209,502.93939329081945,5129.327990355081,,
3624,2023-06-02,10.1987,10.341,9.96154,10.0564,11181.405405893,502.93939329081945,5057.759714689797,,
3625,2023-06-05,10.2936,10.2936,10.2462,10.2462,1952.1081081932,502.93939329081945,5153.2176115363945,,
3626,2023-06-06,10.2462,10.2462,10.1513,10.2462,3465.7297298808,502.93939329081945,5153.2176115363945,,
3627,2023-06-07,10.4359,10.4359,10.009,10.1513,3712.3783785402,502.93939329081945,5105.488663113096,,
3628,2023-06-09,10.341,10.341,10.009,10.1513,2737.3783784977,502.93939329081945,5105.488663113096,,
3629,2023-06-12,10.2462,10.2462,9.96154,10.1513,1711.7837838584,502.93939329081945,5105.488663113096,,
3630,2023-06-13,10.009,10.1513,10.009,10.0564,3778.7837839485,0.0,5057.759714689797,10.0564,
3631,2023-06-14,10.1513,10.1987,10.009,10.1987,594.4864865124,0.0,5057.759714689797,,
3632,2023-06-15,10.1987,10.1987,10.1513,10.1513,540.7297297533,0.0,5057.759714689797,,
3633,2023-06-16,10.1513,10.2462,10.009,10.009,1256.4324324872,0.0,5057.759714689797,,
3634,2023-06-19,10.1513,10.2462,9.96154,10.1987,2904.9729730996,0.0,5057.759714689797,,
3635,2023-06-20,10.0564,10.1513,9.96154,10.1038,1581.08108115,0.0,5057.759714689797,,
3636,2023-06-21,10.009,10.1513,10.009,10.1038,581.8378378632,0.0,5057.759714689797,,
3637,2023-06-22,10.1038,10.2462,9.96154,10.1987,3168.4864866246,0.0,5057.759714689797,,
3638,2023-06-23,10.1987,10.2936,10.0564,10.2936,5212.2972975245,0.0,5057.759714689797,,
3639,2023-06-26,10.341,10.341,10.1513,10.1513,203.4324324413,0.0,5057.759714689797,,
3640,2023-06-27,10.341,10.5782,10.341,10.5308,6228.4054056769,480.28257251963737,5057.759714689797,,10.5308
3641,2023-06-28,10.5308,10.5308,10.2462,10.2462,4772.7567569648,480.28257251963737,4921.071294550708,,
3642,2023-06-29,10.5308,10.7205,10.4359,10.7205,3981.1621623357,480.28257251963737,5148.869318696772,,
3643,2023-06-30,10.6731,10.8154,10.4359,10.8154,5671.8648651121,480.28257251963737,5194.448134828886,,
3644,2023-07-03,10.7679,10.7679,10.5782,10.7205,1791.89189197,480.28257251963737,5148.869318696772,,
3645,2023-07-04,10.6256,10.7205,10.4359,10.7205,5360.9189191526,480.28257251963737,5148.869318696772,,
3646,2023-07-05,10.7205,11.1949,10.4833,11.1474,12517.945946492,480.28257251963737,5353.901948905405,,
3647,2023-07-06,11.0526,11.1,10.8154,11.1,4599.8918920924,480.28257251963737,5331.136554967975,,
3648,2023-07-07,11.0526,11.2897,10.9103,11.1474,9779.5135139398,480.28257251963737,5353.901948905405,,
3649,2023-07-10,11.2897,11.2897,10.8154,11.0526,7826.3513516925,480.28257251963737,5308.371161030544,,
3650,2023-07-11,10.8154,11.0526,10.8154,11.0526,5565.405405648,480.28257251963737,5308.371161030544,,
3651,2023-07-12,11.0051,11.1474,10.9103,11.1,5024.6756758947,480.28257251963737,5331.136554967975,,
3652,2023-07-13,11.5,11.55,11.2,11.35,8723.0,480.28257251963737,5451.2071980978835,,
3653,2023-07-14,11.15,11.5,11.1,11.45,4046.0,480.28257251963737,5499.235455349847,,
3654,2023-07-17,11.45,11.5,11.3,11.45,2256.0,480.28257251963737,5499.235455349847,,
3655,2023-07-18,11.3,11.6,11.3,11.4,4397.0,480.28257251963737,5475.221326723866,,
3656,2023-07-19,11.6,11.6,11.25,11.4,2859.0,480.28257251963737,5475.221326723866,,
3657,2023-07-20,11.3,11.6,11.3,11.5,1370.0,480.28257251963737,5523.249583975829,,
3658,2023-07-21,11.5,11.8,11.35,11.8,4752.0,480.28257251963737,5667.334355731721,,
3659,2023-07-24,11.8,11.85,11.45,11.5,2249.0,480.28257251963737,5523.249583975829,,
3660,2023-07-25,11.65,11.65,11.4,11.5,2420.0,480.28257251963737,5523.249583975829,,
3661,2023-07-26,11.4,11.55,11.4,11.4,1539.0,0.0,5475.221326723866,11.4,
3662,2023-07-27,11.4,11.45,11.35,11.45,1989.0,0.0,5475.221326723866,,
3663,2023-07-28,11.4,11.4,11.25,11.4,1105.0,0.0,5475.221326723866,,
3664,2023-07-31,11.4,11.4,11.25,11.4,1730.0,0.0,5475.221326723866,,
3665,2023-08-01,11.3,11.35,11.25,11.25,1925.0,0.0,5475.221326723866,,
3666,2023-08-02,11.35,11.35,11.15,11.35,834.0,0.0,5475.221326723866,,
3667,2023-08-03,11.3,11.3,11.1,11.3,1174.0,0.0,5475.221326723866,,
3668,2023-08-04,11.3,11.3,11.2,11.3,295.0,0.0,5475.221326723866,,
3669,2023-08-07,11.3,11.3,11.15,11.3,849.0,0.0,5475.221326723866,,
3670,2023-08-08,11.3,11.3,11.15,11.2,1317.0,0.0,5475.221326723866,,
3671,2023-08-09,11.2,11.25,11.2,11.25,928.0,0.0,5475.221326723866,,
3672,2023-08-10,11.25,11.35,11.2,11.25,1936.0,0.0,5475.221326723866,,
3673,2023-08-11,11.25,11.35,11.25,11.35,1100.0,0.0,5475.221326723866,,
3674,2023-08-14,11.35,11.35,11.2,11.35,357.0,0.0,5475.221326723866,,
3675,2023-08-16,11.25,11.45,11.25,11.4,4690.0,0.0,5475.221326723866,,
3676,2023-08-17,11.3,11.4,11.25,11.4,879.0,0.0,5475.221326723866,,
3677,2023-08-18,11.25,11.25,11.2,11.2,800.0,0.0,5475.221326723866,,
3678,2023-08-21,11.3,11.3,11.15,11.2,353.0,0.0,5475.221326723866,,
3679,2023-08-22,11.25,11.3,11.1,11.2,1977.0,0.0,5475.221326723866,,
3680,2023-08-23,11.2,11.3,11.1,11.2,1280.0,0.0,5475.221326723866,,
3681,2023-08-24,11.1,11.2,11.1,11.2,1844.0,0.0,5475.221326723866,,
3682,2023-08-25,11.2,11.25,11.2,11.25,2560.0,0.0,5475.221326723866,,
3683,2023-08-28,11.25,11.3,11.0,11.1,6989.0,0.0,5475.221326723866,,
3684,2023-08-29,11.05,11.15,10.9,11.0,2379.0,0.0,5475.221326723866,,
3685,2023-08-30,11.0,11.0,10.85,10.95,706.0,0.0,5475.221326723866,,
3686,2023-08-31,11.0,11.0,11.0,11.0,444.0,0.0,5475.221326723866,,
3687,2023-09-01,11.0,11.0,11.0,11.0,598.0,0.0,5475.221326723866,,
3688,2023-09-04,11.0,11.0,10.85,11.0,1504.0,0.0,5475.221326723866,,
3689,2023-09-05,11.2,11.3,10.9,11.0,5132.0,0.0,5475.221326723866,,
3690,2023-09-06,11.0,11.0,10.65,10.95,5780.0,0.0,5475.221326723866,,
3691,2023-09-07,10.95,10.95,10.9,10.95,301.0,0.0,5475.221326723866,,
3692,2023-09-08,10.95,11.0,10.8,10.95,636.0,0.0,5475.221326723866,,
3693,2023-09-11,10.8,10.95,10.55,10.95,2757.0,0.0,5475.221326723866,,
3694,2023-09-12,10.8,10.95,10.8,10.95,315.0,0.0,5475.221326723866,,
3695,2023-09-13,10.95,10.95,10.9,10.95,337.0,0.0,5475.221326723866,,
3696,2023-09-14,11.0,11.1,10.9,11.1,4786.0,0.0,5475.221326723866,,
3697,2023-09-15,11.1,11.75,11.1,11.7,7232.0,467.9676347627236,5475.221326723866,,11.7
3698,2023-09-18,11.7,11.7,11.4,11.45,792.0,467.9676347627236,5358.229418033185,,
3699,2023-09-19,11.5,11.5,11.25,11.5,40.0,467.9676347627236,5381.627799771321,,
3700,2023-09-20,11.5,11.5,11.05,11.5,1422.0,467.9676347627236,5381.627799771321,,
3701,2023-09-21,11.1,11.2,11.1,11.2,881.0,467.9676347627236,5241.237509342504,,
3702,2023-09-22,11.3,11.35,11.3,11.3,1511.0,467.9676347627236,5288.034272818777,,
3703,2023-09-25,11.4,11.5,11.3,11.3,1535.0,467.9676347627236,5288.034272818777,,
3704,2023-09-26,11.3,11.5,11.3,11.5,1234.0,467.9676347627236,5381.627799771321,,
3705,2023-09-27,11.5,11.5,11.3,11.5,1615.0,467.9676347627236,5381.627799771321,,
3706,2023-09-28,11.5,11.9,11.4,11.75,13437.0,467.9676347627236,5498.619708462003,,
3707,2023-09-29,11.75,12.2,11.75,12.0,28059.0,467.9676347627236,5615.611617152683,,
3708,2023-10-02,12.0,12.65,12.0,12.55,32692.0,467.9676347627236,5872.993816272182,,
3709,2023-10-03,12.95,12.95,12.55,12.7,5124.0,467.9676347627236,5943.1889614865895,,
3710,2023-10-04,12.75,12.75,12.05,12.6,7983.0,467.9676347627236,5896.392198010317,,
3711,2023-10-05,12.6,12.65,11.5,12.15,10838.0,467.9676347627236,5685.806762367092,,
3712,2023-10-06,12.4,12.4,11.8,12.15,2709.0,467.9676347627236,5685.806762367092,,
3713,2023-10-09,12.2,12.5,12.1,12.45,2569.0,467.9676347627236,5826.197052795908,,
3714,2023-10-10,12.5,12.75,12.45,12.75,6169.0,467.9676347627236,5966.587343224726,,
3715,2023-10-11,12.75,12.75,12.7,12.75,1809.0,467.9676347627236,5966.587343224726,,
3716,2023-10-12,12.75,12.8,12.3,12.45,8017.0,467.9676347627236,5826.197052795908,,
3717,2023-10-13,12.3,12.4,12.2,12.3,4697.0,467.9676347627236,5756.001907581501,,
3718,2023-10-16,12.3,12.5,12.05,12.5,7312.0,467.9676347627236,5849.595434534045,,
3719,2023-10-17,12.25,12.5,12.05,12.4,3122.0,0.0,5802.7986710577725,12.4,
3720,2023-10-18,12.25,12.5,12.25,12.5,809.0,0.0,5802.7986710577725,,
3721,2023-10-19,12.55,12.8,12.55,12.7,5355.0,0.0,5802.7986710577725,,
3722,2023-10-20,12.7,13.1,12.6,13.1,10276.0,442.96173061509717,5802.7986710577725,,13.1
3723,2023-10-23,13.2,13.6,13.2,13.55,12302.0,442.96173061509717,6002.131449834567,,
3724,2023-10-24,13.65,13.8,13.5,13.8,6237.0,442.96173061509717,6112.871882488341,,
3725,2023-10-25,13.5,14.65,13.5,14.5,15885.0,442.96173061509717,6422.945093918909,,
3726,2023-10-26,14.6,14.7,14.2,14.55,2646.0,442.96173061509717,6445.093180449664,,
3727,2023-10-27,14.55,14.55,14.3,14.5,1101.0,442.96173061509717,6422.945093918909,,
3728,2023-10-30,14.5,14.55,14.3,14.55,1912.0,442.96173061509717,6445.093180449664,,
3729,2023-10-31,14.5,14.5,14.25,14.5,579.0,442.96173061509717,6422.945093918909,,
3730,2023-11-02,14.5,14.5,14.2,14.5,697.0,442.96173061509717,6422.945093918909,,
3731,2023-11-03,14.5,14.5,14.1,14.45,2760.0,442.96173061509717,6400.797007388153,,
3732,2023-11-06,14.45,14.5,14.25,14.3,3158.0,442.96173061509717,6334.35274779589,,
3733,2023-11-07,14.3,14.3,13.15,13.35,38243.0,0.0,5913.539103711547,13.35,
3734,2023-11-08,13.5,13.5,13.15,13.4,3092.0,0.0,5913.539103711547,,
3735,2023-11-09,13.35,14.65,13.35,14.6,12652.0,0.0,5913.539103711547,,
3736,2023-11-10,14.3,15.05,14.25,15.05,9829.0,0.0,5913.539103711547,,
3737,2023-11-13,15.05,15.4,15.0,15.15,10275.0,390.3326141063727,5913.539103711547,,15.15
3738,2023-11-14,15.15,15.15,14.75,15.15,744.0,390.3326141063727,5913.539103711547,,
3739,2023-11-15,15.1,15.25,14.6,15.2,3359.0,390.3326141063727,5933.055734416865,,
3740,2023-11-16,15.2,15.35,15.0,15.2,2016.0,390.3326141063727,5933.055734416865,,
3741,2023-11-17,15.9,16.25,15.45,16.0,12817.0,390.3326141063727,6245.3218257019635,,
3742,2023-11-20,16.0,16.5,16.0,16.2,8957.0,390.3326141063727,6323.388348523238,,
3743,2023-11-21,16.2,16.3,15.8,15.8,2095.0,390.3326141063727,6167.255302880689,,
3744,2023-11-22,16.0,16.0,15.5,15.7,6608.0,390.3326141063727,6128.222041470051,,
3745,2023-11-23,16.0,17.6,16.0,16.85,17506.0,390.3326141063727,6577.104547692381,,
3746,2023-11-24,16.9,17.5,16.5,17.5,7244.0,390.3326141063727,6830.820746861523,,
3747,2023-11-27,17.55,17.8,17.0,17.8,7388.0,390.3326141063727,6947.920531093435,,
3748,2023-11-28,17.8,18.1,17.25,17.95,6488.0,390.3326141063727,7006.47042320939,,
3749,2023-11-29,17.95,18.05,17.25,17.9,6244.0,390.3326141063727,6986.953792504071,,
3750,2023-11-30,17.9,18.0,17.15,17.25,4623.0,390.3326141063727,6733.237593334929,,
3751,2023-12-01,17.5,17.85,17.5,17.7,3686.0,390.3326141063727,6908.887269682797,,
3752,2023-12-04,17.9,19.65,17.9,19.65,32310.0,390.3326141063727,7670.035867190223,,
3753,2023-12-05,19.7,19.75,19.15,19.15,5471.0,390.3326141063727,7474.869560137037,,
3754,2023-12-06,19.1,19.55,18.9,19.3,5170.0,390.3326141063727,7533.419452252993,,
3755,2023-12-07,19.5,20.5,19.5,19.95,15682.0,390.3326141063727,7787.135651422135,,
3756,2023-12-08,20.1,20.1,19.3,19.55,9312.0,390.3326141063727,7631.002605779587,,
3757,2023-12-11,19.55,20.0,18.9,19.5,7579.0,390.3326141063727,7611.485975074268,,
3758,2023-12-12,19.7,20.1,19.3,20.0,10828.0,390.3326141063727,7806.652282127454,,
3759,2023-12-13,20.0,21.7,20.0,21.7,24068.0,390.3326141063727,8470.217726108287,,
3760,2023-12-14,21.7,22.5,21.4,22.2,16731.0,390.3326141063727,8665.384033161474,,
3761,2023-12-15,22.2,22.6,22.0,22.6,8934.0,390.3326141063727,8821.517078804023,,
3762,2023-12-18,22.6,23.0,22.4,22.9,17720.0,390.3326141063727,8938.616863035935,,
3763,2023-12-19,22.9,23.3,22.1,23.0,39520.0,390.3326141063727,8977.650124446573,,
3764,2023-12-20,23.0,23.3,22.1,23.1,15481.0,390.3326141063727,9016.68338585721,,
3765,2023-12-21,23.0,23.0,21.7,21.9,5427.0,390.3326141063727,8548.284248929562,,
3766,2023-12-22,21.8,21.9,19.7,20.3,21724.0,0.0,7923.752066359367,20.3,
3767,2023-12-27,20.7,21.9,20.6,21.3,12557.0,0.0,7923.752066359367,,
3768,2023-12-28,21.3,22.9,21.0,22.0,8628.0,0.0,7923.752066359367,,
3769,2023-12-29,22.0,22.0,21.0,21.6,7186.0,0.0,7923.752066359367,,
3770,2024-01-02,21.8,22.2,21.6,22.0,3949.0,0.0,7923.752066359367,,
3771,2024-01-03,22.1,22.2,20.8,21.3,6729.0,0.0,7923.752066359367,,
3772,2024-01-04,20.8,21.3,20.4,20.4,4673.0,0.0,7923.752066359367,,
3773,2024-01-05,20.4,20.7,18.75,19.9,22602.0,0.0,7923.752066359367,,
3774,2024-01-08,20.0,20.0,19.65,19.9,6603.0,0.0,7923.752066359367,,
3775,2024-01-09,20.0,20.7,19.9,20.7,4936.0,0.0,7923.752066359367,,
3776,2024-01-10,20.9,22.2,20.8,21.7,15388.0,0.0,7923.752066359367,,
3777,2024-01-11,22.5,27.1,22.3,24.9,52174.0,0.0,7923.752066359367,,
3778,2024-01-12,25.3,26.0,23.4,24.0,22549.0,330.15633609830695,7923.752066359367,,24.0
3779,2024-01-15,24.1,25.5,24.1,24.7,8759.0,330.15633609830695,8154.861501628181,,
3780,2024-01-16,25.0,25.7,24.8,25.7,9908.0,330.15633609830695,8485.01783772649,,
3781,2024-01-17,25.6,25.6,24.6,25.0,7924.0,330.15633609830695,8253.908402457673,,
3782,2024-01-18,25.1,26.2,24.8,26.2,10121.0,330.15633609830695,8650.096005775642,,
3783,2024-01-19,26.4,26.8,26.2,26.8,7799.0,330.15633609830695,8848.189807434626,,
3784,2024-01-22,26.8,27.8,26.4,27.3,22707.0,330.15633609830695,9013.26797548378,,
3785,2024-01-23,27.3,28.9,27.0,28.8,26488.0,330.15633609830695,9508.502479631241,,
3786,2024-01-24,28.9,29.5,28.2,28.4,14008.0,330.15633609830695,9376.439945191916,,
3787,2024-01-25,28.4,28.4,26.0,26.5,38676.0,330.15633609830695,8749.142906605135,,
3788,2024-01-26,26.4,27.6,26.1,27.1,7914.0,330.15633609830695,8947.23670826412,,
3789,2024-01-29,27.1,27.5,26.0,26.2,9990.0,330.15633609830695,8650.096005775642,,
3790,2024-01-30,26.2,26.3,23.7,24.2,21843.0,0.0,7989.783333579028,24.2,
3791,2024-01-31,24.6,25.0,22.2,23.9,36744.0,0.0,7989.783333579028,,
3792,2024-02-01,23.8,25.8,23.1,25.3,33369.0,0.0,7989.783333579028,,
3793,2024-02-02,25.4,25.5,24.4,25.1,7960.0,0.0,7989.783333579028,,
3794,2024-02-05,25.0,25.1,24.0,24.6,13591.0,0.0,7989.783333579028,,
3795,2024-02-06,24.2,24.2,23.2,23.4,17555.0,0.0,7989.783333579028,,
3796,2024-02-07,23.6,24.7,23.6,23.8,13434.0,0.0,7989.783333579028,,
3797,2024-02-08,24.0,24.0,23.0,23.5,14018.0,0.0,7989.783333579028,,
3798,2024-02-09,23.2,23.7,23.0,23.7,3264.0,0.0,7989.783333579028,,
3799,2024-02-12,23.6,23.7,22.8,23.2,6378.0,0.0,7989.783333579028,,
3800,2024-02-13,23.2,23.2,22.0,22.4,27254.0,0.0,7989.783333579028,,
3801,2024-02-14,22.0,22.1,21.3,21.8,18569.0,0.0,7989.783333579028,,
3802,2024-02-15,21.7,21.8,21.3,21.7,8228.0,0.0,7989.783333579028,,
3803,2024-02-16,21.3,25.1,21.3,24.6,42675.0,0.0,7989.783333579028,,
3804,2024-02-19,24.7,25.4,24.0,25.2,19406.0,0.0,7989.783333579028,,
3805,2024-02-20,25.4,26.3,25.3,26.0,13704.0,307.29935898380876,7989.783333579027,,26.0
3806,2024-02-21,26.0,26.3,24.6,24.8,11696.0,307.29935898380876,7621.0241027984575,,
3807,2024-02-22,24.4,25.1,24.0,24.5,12369.0,307.29935898380876,7528.834295103315,,
3808,2024-02-23,24.5,24.6,23.6,24.2,13085.0,307.29935898380876,7436.644487408172,,
3809,2024-02-26,24.0,24.0,23.7,24.0,5199.0,0.0,7375.18461561141,24.0,
3810,2024-02-27,24.0,24.2,23.4,23.8,5798.0,0.0,7375.18461561141,,
